ship-state,Date,Total_amount
ANDAMAN & NICOBAR ,04-01-22,750.0
ANDAMAN & NICOBAR ,04-02-22,1740.0
ANDAMAN & NICOBAR ,04-03-22,3445.0
ANDAMAN & NICOBAR ,04-04-22,885.0
ANDAMAN & NICOBAR ,04-05-22,2031.81
ANDAMAN & NICOBAR ,04-06-22,2372.0
ANDAMAN & NICOBAR ,04-07-22,920.0
ANDAMAN & NICOBAR ,04-08-22,3521.95
ANDAMAN & NICOBAR ,04-09-22,2486.0
ANDAMAN & NICOBAR ,04-10-22,1073.0
ANDAMAN & NICOBAR ,04-11-22,459.0
ANDAMAN & NICOBAR ,04-13-22,3250.0
ANDAMAN & NICOBAR ,04-14-22,3089.0
ANDAMAN & NICOBAR ,04-15-22,4656.0
ANDAMAN & NICOBAR ,04-16-22,1645.67
ANDAMAN & NICOBAR ,04-17-22,1088.0
ANDAMAN & NICOBAR ,04-18-22,1542.0
ANDAMAN & NICOBAR ,04-19-22,3240.0
ANDAMAN & NICOBAR ,04-20-22,1281.0
ANDAMAN & NICOBAR ,04-21-22,2061.0
ANDAMAN & NICOBAR ,04-22-22,1163.0
ANDAMAN & NICOBAR ,04-23-22,3125.19
ANDAMAN & NICOBAR ,04-24-22,1328.0
ANDAMAN & NICOBAR ,04-25-22,2745.0
ANDAMAN & NICOBAR ,04-26-22,487.0
ANDAMAN & NICOBAR ,04-27-22,1249.11
ANDAMAN & NICOBAR ,04-28-22,1991.0
ANDAMAN & NICOBAR ,04-29-22,671.0
ANDAMAN & NICOBAR ,05-01-22,939.0
ANDAMAN & NICOBAR ,05-02-22,1140.0
ANDAMAN & NICOBAR ,05-03-22,2579.0
ANDAMAN & NICOBAR ,05-04-22,1317.0
ANDAMAN & NICOBAR ,05-05-22,922.0
ANDAMAN & NICOBAR ,05-06-22,626.0
ANDAMAN & NICOBAR ,05-08-22,2960.0
ANDAMAN & NICOBAR ,05-09-22,6643.0
ANDAMAN & NICOBAR ,05-10-22,0.0
ANDAMAN & NICOBAR ,05-11-22,3732.0
ANDAMAN & NICOBAR ,05-12-22,3648.0
ANDAMAN & NICOBAR ,05-13-22,666.0
ANDAMAN & NICOBAR ,05-14-22,2208.0
ANDAMAN & NICOBAR ,05-15-22,2734.0
ANDAMAN & NICOBAR ,05-16-22,1429.81
ANDAMAN & NICOBAR ,05-17-22,1592.29
ANDAMAN & NICOBAR ,05-18-22,3373.29
ANDAMAN & NICOBAR ,05-19-22,1041.29
ANDAMAN & NICOBAR ,05-20-22,493.0
ANDAMAN & NICOBAR ,05-21-22,581.0
ANDAMAN & NICOBAR ,05-22-22,641.0
ANDAMAN & NICOBAR ,05-23-22,634.29
ANDAMAN & NICOBAR ,05-24-22,2497.0
ANDAMAN & NICOBAR ,05-25-22,518.0
ANDAMAN & NICOBAR ,05-26-22,544.0
ANDAMAN & NICOBAR ,05-27-22,2017.0
ANDAMAN & NICOBAR ,05-29-22,380.0
ANDAMAN & NICOBAR ,05-30-22,2644.0
ANDAMAN & NICOBAR ,06-02-22,4255.0
ANDAMAN & NICOBAR ,06-03-22,3692.0
ANDAMAN & NICOBAR ,06-05-22,3390.81
ANDAMAN & NICOBAR ,06-06-22,635.0
ANDAMAN & NICOBAR ,06-07-22,399.0
ANDAMAN & NICOBAR ,06-08-22,2984.0
ANDAMAN & NICOBAR ,06-09-22,1576.0
ANDAMAN & NICOBAR ,06-10-22,799.0
ANDAMAN & NICOBAR ,06-11-22,3742.76
ANDAMAN & NICOBAR ,06-12-22,671.0
ANDAMAN & NICOBAR ,06-13-22,3034.0
ANDAMAN & NICOBAR ,06-14-22,2840.0
ANDAMAN & NICOBAR ,06-15-22,2028.0
ANDAMAN & NICOBAR ,06-16-22,487.0
ANDAMAN & NICOBAR ,06-17-22,3020.0
ANDAMAN & NICOBAR ,06-18-22,2248.0
ANDAMAN & NICOBAR ,06-19-22,1915.5700000000002
ANDAMAN & NICOBAR ,06-20-22,3976.0
ANDAMAN & NICOBAR ,06-21-22,2982.0
ANDAMAN & NICOBAR ,06-22-22,2189.0
ANDAMAN & NICOBAR ,06-23-22,1620.0
ANDAMAN & NICOBAR ,06-24-22,771.0
ANDAMAN & NICOBAR ,06-25-22,2216.7799999999997
ANDAMAN & NICOBAR ,06-26-22,858.0
ANDAMAN & NICOBAR ,06-27-22,0.0
ANDAMAN & NICOBAR ,06-28-22,2487.0
ANDAMAN & NICOBAR ,06-29-22,1111.0
ANDHRA PRADESH,03-31-22,3621.0
ANDHRA PRADESH,04-01-22,35284.91
ANDHRA PRADESH,04-02-22,23370.29
ANDHRA PRADESH,04-03-22,39089.66
ANDHRA PRADESH,04-04-22,37399.33
ANDHRA PRADESH,04-05-22,37334.19
ANDHRA PRADESH,04-06-22,40824.29
ANDHRA PRADESH,04-07-22,39926.01
ANDHRA PRADESH,04-08-22,46825.48
ANDHRA PRADESH,04-09-22,33334.38
ANDHRA PRADESH,04-10-22,36871.95
ANDHRA PRADESH,04-11-22,35942.54
ANDHRA PRADESH,04-12-22,30936.53
ANDHRA PRADESH,04-13-22,36714.82
ANDHRA PRADESH,04-14-22,44041.33
ANDHRA PRADESH,04-15-22,43620.24
ANDHRA PRADESH,04-16-22,27659.42
ANDHRA PRADESH,04-17-22,24780.09
ANDHRA PRADESH,04-18-22,36265.69
ANDHRA PRADESH,04-19-22,36816.9
ANDHRA PRADESH,04-20-22,33054.38
ANDHRA PRADESH,04-21-22,56759.38
ANDHRA PRADESH,04-22-22,45719.0
ANDHRA PRADESH,04-23-22,36393.6
ANDHRA PRADESH,04-24-22,44608.57
ANDHRA PRADESH,04-25-22,28262.33
ANDHRA PRADESH,04-26-22,31070.95
ANDHRA PRADESH,04-27-22,34060.48
ANDHRA PRADESH,04-28-22,25989.9
ANDHRA PRADESH,04-29-22,39330.49
ANDHRA PRADESH,04-30-22,36327.0
ANDHRA PRADESH,05-01-22,41071.1
ANDHRA PRADESH,05-02-22,55707.79
ANDHRA PRADESH,05-03-22,56964.34
ANDHRA PRADESH,05-04-22,56547.5
ANDHRA PRADESH,05-05-22,34499.0
ANDHRA PRADESH,05-06-22,32107.0
ANDHRA PRADESH,05-07-22,32891.1
ANDHRA PRADESH,05-08-22,43394.48
ANDHRA PRADESH,05-09-22,33283.01
ANDHRA PRADESH,05-10-22,28751.53
ANDHRA PRADESH,05-11-22,28264.4
ANDHRA PRADESH,05-12-22,21282.35
ANDHRA PRADESH,05-13-22,40377.68
ANDHRA PRADESH,05-14-22,35838.91
ANDHRA PRADESH,05-15-22,37919.68
ANDHRA PRADESH,05-16-22,35913.58
ANDHRA PRADESH,05-17-22,38414.41
ANDHRA PRADESH,05-18-22,38124.31
ANDHRA PRADESH,05-19-22,34407.59
ANDHRA PRADESH,05-20-22,20934.82
ANDHRA PRADESH,05-21-22,17348.2
ANDHRA PRADESH,05-22-22,17920.76
ANDHRA PRADESH,05-23-22,29339.01
ANDHRA PRADESH,05-24-22,24807.43
ANDHRA PRADESH,05-25-22,36086.0
ANDHRA PRADESH,05-26-22,28704.11
ANDHRA PRADESH,05-27-22,30816.1
ANDHRA PRADESH,05-28-22,39516.62
ANDHRA PRADESH,05-29-22,26388.67
ANDHRA PRADESH,05-30-22,43945.58
ANDHRA PRADESH,05-31-22,39893.86
ANDHRA PRADESH,06-01-22,52570.38
ANDHRA PRADESH,06-02-22,33077.27
ANDHRA PRADESH,06-03-22,25412.0
ANDHRA PRADESH,06-04-22,43781.63
ANDHRA PRADESH,06-05-22,55198.82
ANDHRA PRADESH,06-06-22,36635.9
ANDHRA PRADESH,06-07-22,41308.95
ANDHRA PRADESH,06-08-22,34681.14
ANDHRA PRADESH,06-09-22,36838.5
ANDHRA PRADESH,06-10-22,27002.0
ANDHRA PRADESH,06-11-22,42208.81
ANDHRA PRADESH,06-12-22,46989.95
ANDHRA PRADESH,06-13-22,51170.74
ANDHRA PRADESH,06-14-22,38439.72
ANDHRA PRADESH,06-15-22,40186.33
ANDHRA PRADESH,06-16-22,31024.33
ANDHRA PRADESH,06-17-22,30688.1
ANDHRA PRADESH,06-18-22,29856.0
ANDHRA PRADESH,06-19-22,29383.29
ANDHRA PRADESH,06-20-22,38867.62
ANDHRA PRADESH,06-21-22,38331.65
ANDHRA PRADESH,06-22-22,25945.05
ANDHRA PRADESH,06-23-22,30512.71
ANDHRA PRADESH,06-24-22,37620.33
ANDHRA PRADESH,06-25-22,30667.11
ANDHRA PRADESH,06-26-22,32831.86
ANDHRA PRADESH,06-27-22,23482.48
ANDHRA PRADESH,06-28-22,35077.0
ANDHRA PRADESH,06-29-22,16346.0
APO,04-03-22,0.0
AR,05-30-22,493.0
ARUNACHAL PRADESH,04-01-22,2784.0
ARUNACHAL PRADESH,04-02-22,499.0
ARUNACHAL PRADESH,04-03-22,1711.0
ARUNACHAL PRADESH,04-04-22,499.0
ARUNACHAL PRADESH,04-05-22,2640.0
ARUNACHAL PRADESH,04-06-22,930.0
ARUNACHAL PRADESH,04-07-22,599.0
ARUNACHAL PRADESH,04-09-22,690.0
ARUNACHAL PRADESH,04-10-22,980.0
ARUNACHAL PRADESH,04-12-22,916.0
ARUNACHAL PRADESH,04-13-22,0.0
ARUNACHAL PRADESH,04-14-22,3028.43
ARUNACHAL PRADESH,04-15-22,3867.05
ARUNACHAL PRADESH,04-16-22,399.0
ARUNACHAL PRADESH,04-17-22,1513.0
ARUNACHAL PRADESH,04-18-22,788.0
ARUNACHAL PRADESH,04-19-22,1115.0
ARUNACHAL PRADESH,04-20-22,4139.0
ARUNACHAL PRADESH,04-21-22,259.0
ARUNACHAL PRADESH,04-23-22,921.9
ARUNACHAL PRADESH,04-25-22,2759.0
ARUNACHAL PRADESH,04-30-22,999.0
ARUNACHAL PRADESH,05-01-22,493.0
ARUNACHAL PRADESH,05-02-22,1806.62
ARUNACHAL PRADESH,05-03-22,899.0
ARUNACHAL PRADESH,05-04-22,3353.0
ARUNACHAL PRADESH,05-05-22,1895.0
ARUNACHAL PRADESH,05-06-22,872.0
ARUNACHAL PRADESH,05-07-22,1493.0
ARUNACHAL PRADESH,05-10-22,5090.0
ARUNACHAL PRADESH,05-12-22,1364.0
ARUNACHAL PRADESH,05-13-22,771.0
ARUNACHAL PRADESH,05-14-22,0.0
ARUNACHAL PRADESH,05-15-22,2067.0
ARUNACHAL PRADESH,05-16-22,1339.0
ARUNACHAL PRADESH,05-19-22,771.0
ARUNACHAL PRADESH,05-20-22,3256.0
ARUNACHAL PRADESH,05-22-22,2372.0
ARUNACHAL PRADESH,05-23-22,1349.0
ARUNACHAL PRADESH,05-25-22,2151.0
ARUNACHAL PRADESH,05-27-22,736.0
ARUNACHAL PRADESH,05-28-22,1068.0
ARUNACHAL PRADESH,05-29-22,1317.0
ARUNACHAL PRADESH,05-30-22,349.0
ARUNACHAL PRADESH,06-01-22,1828.0
ARUNACHAL PRADESH,06-02-22,1600.0
ARUNACHAL PRADESH,06-03-22,1477.0
ARUNACHAL PRADESH,06-05-22,1744.0
ARUNACHAL PRADESH,06-07-22,698.0
ARUNACHAL PRADESH,06-09-22,1759.0
ARUNACHAL PRADESH,06-10-22,1091.0
ARUNACHAL PRADESH,06-11-22,2023.0
ARUNACHAL PRADESH,06-12-22,2653.0
ARUNACHAL PRADESH,06-13-22,2617.0
ARUNACHAL PRADESH,06-14-22,650.0
ARUNACHAL PRADESH,06-15-22,1524.0
ARUNACHAL PRADESH,06-17-22,568.0
ARUNACHAL PRADESH,06-18-22,693.0
ARUNACHAL PRADESH,06-20-22,487.0
ARUNACHAL PRADESH,06-22-22,735.0
ARUNACHAL PRADESH,06-24-22,1656.0
ARUNACHAL PRADESH,06-25-22,1481.0
ARUNACHAL PRADESH,06-26-22,735.0
ARUNACHAL PRADESH,06-27-22,969.0
ARUNACHAL PRADESH,06-28-22,1399.0
ASSAM,04-01-22,14039.0
ASSAM,04-02-22,16684.0
ASSAM,04-03-22,14729.48
ASSAM,04-04-22,15899.0
ASSAM,04-05-22,21323.19
ASSAM,04-06-22,20236.38
ASSAM,04-07-22,16423.48
ASSAM,04-08-22,21631.0
ASSAM,04-09-22,10746.0
ASSAM,04-10-22,14207.0
ASSAM,04-11-22,10733.82
ASSAM,04-12-22,10875.0
ASSAM,04-13-22,15337.0
ASSAM,04-14-22,11864.0
ASSAM,04-15-22,20736.94
ASSAM,04-16-22,12765.43
ASSAM,04-17-22,6954.0
ASSAM,04-18-22,10825.95
ASSAM,04-19-22,15859.14
ASSAM,04-20-22,15570.619999999999
ASSAM,04-21-22,20870.0
ASSAM,04-22-22,16917.76
ASSAM,04-23-22,17577.0
ASSAM,04-24-22,17430.15
ASSAM,04-25-22,9228.0
ASSAM,04-26-22,10659.0
ASSAM,04-27-22,5948.0
ASSAM,04-28-22,12428.54
ASSAM,04-29-22,8161.0
ASSAM,04-30-22,16911.0
ASSAM,05-01-22,14986.75
ASSAM,05-02-22,11154.0
ASSAM,05-03-22,9129.0
ASSAM,05-04-22,8438.71
ASSAM,05-05-22,10661.0
ASSAM,05-06-22,14141.38
ASSAM,05-07-22,12681.0
ASSAM,05-08-22,10063.15
ASSAM,05-09-22,11240.43
ASSAM,05-10-22,10581.0
ASSAM,05-11-22,6277.0
ASSAM,05-12-22,7394.58
ASSAM,05-13-22,6023.0
ASSAM,05-14-22,10989.29
ASSAM,05-15-22,5470.0
ASSAM,05-16-22,13468.0
ASSAM,05-17-22,12596.76
ASSAM,05-18-22,10016.29
ASSAM,05-19-22,7607.0
ASSAM,05-20-22,10431.0
ASSAM,05-21-22,7457.0
ASSAM,05-22-22,8615.0
ASSAM,05-23-22,3478.0
ASSAM,05-24-22,9840.0
ASSAM,05-25-22,8425.0
ASSAM,05-26-22,4858.0
ASSAM,05-27-22,10836.77
ASSAM,05-28-22,6501.0
ASSAM,05-29-22,8762.43
ASSAM,05-30-22,4241.0
ASSAM,05-31-22,13843.57
ASSAM,06-01-22,8938.95
ASSAM,06-02-22,18112.0
ASSAM,06-03-22,8557.0
ASSAM,06-04-22,12836.0
ASSAM,06-05-22,13322.57
ASSAM,06-06-22,11273.0
ASSAM,06-07-22,10001.0
ASSAM,06-08-22,8183.0
ASSAM,06-09-22,11536.0
ASSAM,06-10-22,11735.57
ASSAM,06-11-22,4707.0
ASSAM,06-12-22,10373.1
ASSAM,06-13-22,11786.1
ASSAM,06-14-22,5579.0
ASSAM,06-15-22,5126.0
ASSAM,06-16-22,9194.0
ASSAM,06-17-22,11847.0
ASSAM,06-18-22,6727.0
ASSAM,06-19-22,11679.57
ASSAM,06-20-22,14157.0
ASSAM,06-21-22,10099.0
ASSAM,06-22-22,9559.0
ASSAM,06-23-22,14609.0
ASSAM,06-24-22,9231.71
ASSAM,06-25-22,7032.0
ASSAM,06-26-22,8468.86
ASSAM,06-27-22,9067.9
ASSAM,06-28-22,13254.88
ASSAM,06-29-22,7365.0
Arunachal Pradesh,04-03-22,1235.0
Arunachal Pradesh,05-07-22,700.0
Arunachal pradesh,05-05-22,301.0
Arunachal pradesh,05-12-22,301.0
BIHAR,03-31-22,4637.0
BIHAR,04-01-22,17481.0
BIHAR,04-02-22,20191.95
BIHAR,04-03-22,20572.86
BIHAR,04-04-22,15179.0
BIHAR,04-05-22,12129.95
BIHAR,04-06-22,18752.89
BIHAR,04-07-22,27294.56
BIHAR,04-08-22,15197.0
BIHAR,04-09-22,7103.0
BIHAR,04-10-22,14947.86
BIHAR,04-11-22,14942.86
BIHAR,04-12-22,17223.77
BIHAR,04-13-22,15646.86
BIHAR,04-14-22,23979.25
BIHAR,04-15-22,23877.0
BIHAR,04-16-22,21500.66
BIHAR,04-17-22,12777.0
BIHAR,04-18-22,25583.86
BIHAR,04-19-22,23118.2
BIHAR,04-20-22,26006.05
BIHAR,04-21-22,20902.54
BIHAR,04-22-22,21829.86
BIHAR,04-23-22,20609.48
BIHAR,04-24-22,21124.32
BIHAR,04-25-22,17466.08
BIHAR,04-26-22,12056.0
BIHAR,04-27-22,10905.9
BIHAR,04-28-22,11831.0
BIHAR,04-29-22,25912.64
BIHAR,04-30-22,24603.71
BIHAR,05-01-22,11579.0
BIHAR,05-02-22,20164.0
BIHAR,05-03-22,21205.86
BIHAR,05-04-22,32761.33
BIHAR,05-05-22,16376.43
BIHAR,05-06-22,17713.81
BIHAR,05-07-22,6571.0
BIHAR,05-08-22,18909.28
BIHAR,05-09-22,13983.76
BIHAR,05-10-22,9902.380000000001
BIHAR,05-11-22,7298.0
BIHAR,05-12-22,18542.0
BIHAR,05-13-22,11238.2
BIHAR,05-14-22,14372.74
BIHAR,05-15-22,11987.14
BIHAR,05-16-22,6225.0
BIHAR,05-17-22,22097.33
BIHAR,05-18-22,11063.95
BIHAR,05-19-22,18311.15
BIHAR,05-20-22,12192.86
BIHAR,05-21-22,18191.82
BIHAR,05-22-22,14198.47
BIHAR,05-23-22,8578.0
BIHAR,05-24-22,15389.0
BIHAR,05-25-22,11813.0
BIHAR,05-26-22,4949.0
BIHAR,05-27-22,13034.0
BIHAR,05-28-22,19454.0
BIHAR,05-29-22,7147.0
BIHAR,05-30-22,10706.14
BIHAR,05-31-22,12189.0
BIHAR,06-01-22,17036.19
BIHAR,06-02-22,14199.0
BIHAR,06-03-22,9895.71
BIHAR,06-04-22,16487.0
BIHAR,06-05-22,18532.0
BIHAR,06-06-22,15102.19
BIHAR,06-07-22,12125.0
BIHAR,06-08-22,18349.52
BIHAR,06-09-22,12337.0
BIHAR,06-10-22,10528.0
BIHAR,06-11-22,13021.0
BIHAR,06-12-22,16440.0
BIHAR,06-13-22,12282.39
BIHAR,06-14-22,12169.0
BIHAR,06-15-22,10969.39
BIHAR,06-16-22,15395.1
BIHAR,06-17-22,16723.0
BIHAR,06-18-22,13436.0
BIHAR,06-19-22,15967.0
BIHAR,06-20-22,11050.0
BIHAR,06-21-22,14885.64
BIHAR,06-22-22,18311.0
BIHAR,06-23-22,4484.0
BIHAR,06-24-22,13694.43
BIHAR,06-25-22,12638.0
BIHAR,06-26-22,12566.0
BIHAR,06-27-22,13531.0
BIHAR,06-28-22,10443.0
BIHAR,06-29-22,8262.0
Bihar,04-04-22,1235.0
Bihar,04-06-22,452.0
Bihar,04-07-22,399.0
Bihar,04-09-22,459.0
Bihar,04-10-22,690.0
Bihar,04-11-22,533.0
Bihar,04-16-22,696.0
Bihar,04-18-22,1112.0
Bihar,04-19-22,1133.0
Bihar,04-20-22,1071.0
Bihar,04-21-22,788.0
Bihar,04-26-22,654.0
Bihar,04-27-22,1186.0
Bihar,04-28-22,518.0
Bihar,05-01-22,788.0
Bihar,05-05-22,1814.0
Bihar,05-08-22,725.0
Bihar,05-20-22,1349.0
Bihar,06-10-22,1488.0
Bihar,06-15-22,908.0
Bihar,06-21-22,913.0
Bihar,06-29-22,882.0
CHANDIGARH,03-31-22,353.0
CHANDIGARH,04-01-22,4175.0
CHANDIGARH,04-02-22,473.0
CHANDIGARH,04-03-22,923.0
CHANDIGARH,04-05-22,2925.0
CHANDIGARH,04-06-22,1197.0
CHANDIGARH,04-07-22,3367.0
CHANDIGARH,04-08-22,4044.0
CHANDIGARH,04-10-22,681.0
CHANDIGARH,04-11-22,1902.0
CHANDIGARH,04-12-22,820.0
CHANDIGARH,04-13-22,3481.86
CHANDIGARH,04-14-22,1653.0
CHANDIGARH,04-15-22,1421.0
CHANDIGARH,04-16-22,1762.0
CHANDIGARH,04-17-22,1231.71
CHANDIGARH,04-18-22,4877.0
CHANDIGARH,04-19-22,1386.0
CHANDIGARH,04-20-22,2870.0
CHANDIGARH,04-21-22,1914.0
CHANDIGARH,04-22-22,6734.0
CHANDIGARH,04-23-22,7513.0
CHANDIGARH,04-24-22,2711.0
CHANDIGARH,04-25-22,5902.0
CHANDIGARH,04-26-22,1901.0
CHANDIGARH,04-28-22,2477.76
CHANDIGARH,04-29-22,2100.0
CHANDIGARH,04-30-22,1213.0
CHANDIGARH,05-01-22,3358.0
CHANDIGARH,05-02-22,1287.0
CHANDIGARH,05-03-22,2659.5699999999997
CHANDIGARH,05-04-22,2503.0
CHANDIGARH,05-05-22,5726.8099999999995
CHANDIGARH,05-06-22,2723.0
CHANDIGARH,05-07-22,2814.0
CHANDIGARH,05-08-22,5424.0
CHANDIGARH,05-09-22,3903.0
CHANDIGARH,05-11-22,2696.0
CHANDIGARH,05-14-22,5720.0
CHANDIGARH,05-15-22,6406.0
CHANDIGARH,05-16-22,4552.0
CHANDIGARH,05-18-22,3632.0
CHANDIGARH,05-19-22,2703.67
CHANDIGARH,05-20-22,1481.0
CHANDIGARH,05-21-22,1925.0
CHANDIGARH,05-22-22,1061.0
CHANDIGARH,05-23-22,1345.0
CHANDIGARH,05-25-22,1935.0
CHANDIGARH,05-26-22,3503.0
CHANDIGARH,05-27-22,2386.0
CHANDIGARH,05-29-22,777.0
CHANDIGARH,05-30-22,788.0
CHANDIGARH,05-31-22,2434.0
CHANDIGARH,06-01-22,3130.71
CHANDIGARH,06-02-22,1427.0
CHANDIGARH,06-03-22,3145.0
CHANDIGARH,06-05-22,3492.0
CHANDIGARH,06-06-22,1764.48
CHANDIGARH,06-08-22,1534.0
CHANDIGARH,06-09-22,1883.0
CHANDIGARH,06-10-22,3052.0
CHANDIGARH,06-11-22,4414.0
CHANDIGARH,06-12-22,2226.0
CHANDIGARH,06-13-22,2698.0
CHANDIGARH,06-14-22,3662.0
CHANDIGARH,06-15-22,1921.0
CHANDIGARH,06-16-22,2293.67
CHANDIGARH,06-17-22,1643.0
CHANDIGARH,06-18-22,3040.43
CHANDIGARH,06-19-22,800.0
CHANDIGARH,06-20-22,1075.0
CHANDIGARH,06-21-22,1195.0
CHANDIGARH,06-23-22,2912.0
CHANDIGARH,06-24-22,1281.0
CHANDIGARH,06-25-22,1542.0
CHANDIGARH,06-26-22,3127.0
CHANDIGARH,06-27-22,1833.38
CHANDIGARH,06-28-22,376.0
CHANDIGARH,06-29-22,1467.0
CHHATTISGARH,03-31-22,899.0
CHHATTISGARH,04-01-22,5878.9
CHHATTISGARH,04-02-22,8629.24
CHHATTISGARH,04-03-22,9004.0
CHHATTISGARH,04-04-22,7763.95
CHHATTISGARH,04-05-22,6375.24
CHHATTISGARH,04-06-22,4520.0
CHHATTISGARH,04-07-22,5325.0
CHHATTISGARH,04-08-22,4016.0
CHHATTISGARH,04-09-22,9219.05
CHHATTISGARH,04-10-22,2965.0
CHHATTISGARH,04-11-22,8934.0
CHHATTISGARH,04-12-22,9424.0
CHHATTISGARH,04-13-22,5944.76
CHHATTISGARH,04-14-22,8881.46
CHHATTISGARH,04-15-22,4314.36
CHHATTISGARH,04-16-22,6465.0
CHHATTISGARH,04-17-22,9697.02
CHHATTISGARH,04-18-22,9561.0
CHHATTISGARH,04-19-22,9464.24
CHHATTISGARH,04-20-22,7120.0
CHHATTISGARH,04-21-22,7229.95
CHHATTISGARH,04-22-22,5292.0
CHHATTISGARH,04-23-22,8049.0
CHHATTISGARH,04-24-22,3894.0
CHHATTISGARH,04-25-22,13551.0
CHHATTISGARH,04-26-22,9998.71
CHHATTISGARH,04-27-22,7557.860000000001
CHHATTISGARH,04-28-22,11505.05
CHHATTISGARH,04-29-22,8843.0
CHHATTISGARH,04-30-22,7556.860000000001
CHHATTISGARH,05-01-22,11230.0
CHHATTISGARH,05-02-22,6321.0
CHHATTISGARH,05-03-22,7881.0
CHHATTISGARH,05-04-22,9625.0
CHHATTISGARH,05-05-22,2745.0
CHHATTISGARH,05-06-22,4442.0
CHHATTISGARH,05-07-22,8242.0
CHHATTISGARH,05-08-22,6761.54
CHHATTISGARH,05-09-22,4674.0
CHHATTISGARH,05-10-22,6449.0
CHHATTISGARH,05-11-22,4598.1
CHHATTISGARH,05-12-22,11380.73
CHHATTISGARH,05-13-22,4725.8099999999995
CHHATTISGARH,05-14-22,5514.0
CHHATTISGARH,05-15-22,3634.0
CHHATTISGARH,05-16-22,4082.0
CHHATTISGARH,05-17-22,7924.43
CHHATTISGARH,05-18-22,6560.62
CHHATTISGARH,05-19-22,5968.0
CHHATTISGARH,05-20-22,1691.0
CHHATTISGARH,05-21-22,6426.38
CHHATTISGARH,05-22-22,4367.0
CHHATTISGARH,05-23-22,11291.0
CHHATTISGARH,05-24-22,5393.0
CHHATTISGARH,05-25-22,2580.0
CHHATTISGARH,05-26-22,4327.0
CHHATTISGARH,05-27-22,4955.57
CHHATTISGARH,05-28-22,8148.0
CHHATTISGARH,05-29-22,6001.0
CHHATTISGARH,05-30-22,7761.0
CHHATTISGARH,05-31-22,3948.0
CHHATTISGARH,06-01-22,4743.24
CHHATTISGARH,06-02-22,3044.0
CHHATTISGARH,06-03-22,1296.0
CHHATTISGARH,06-04-22,6270.0
CHHATTISGARH,06-05-22,7915.0
CHHATTISGARH,06-06-22,3898.0
CHHATTISGARH,06-07-22,4738.0
CHHATTISGARH,06-08-22,7446.29
CHHATTISGARH,06-09-22,5748.0
CHHATTISGARH,06-10-22,3770.0
CHHATTISGARH,06-11-22,6119.79
CHHATTISGARH,06-12-22,8584.0
CHHATTISGARH,06-13-22,5347.0
CHHATTISGARH,06-14-22,6063.38
CHHATTISGARH,06-15-22,1369.0
CHHATTISGARH,06-16-22,5339.0
CHHATTISGARH,06-17-22,6896.0
CHHATTISGARH,06-18-22,3039.24
CHHATTISGARH,06-19-22,6685.0
CHHATTISGARH,06-20-22,7122.0
CHHATTISGARH,06-21-22,8318.72
CHHATTISGARH,06-22-22,10368.0
CHHATTISGARH,06-23-22,4525.0
CHHATTISGARH,06-24-22,3238.1
CHHATTISGARH,06-25-22,5038.43
CHHATTISGARH,06-26-22,4711.81
CHHATTISGARH,06-27-22,3093.0
CHHATTISGARH,06-28-22,6298.0
CHHATTISGARH,06-29-22,1936.0
Chandigarh,04-08-22,950.0
Chandigarh,04-12-22,1099.0
Chandigarh,04-14-22,1556.0
Chandigarh,05-04-22,759.0
Chandigarh,05-28-22,2442.62
Chandigarh,06-01-22,869.0
Chandigarh,06-15-22,869.0
Chandigarh,06-19-22,510.0
DADRA AND NAGAR,04-01-22,1147.0
DADRA AND NAGAR,04-03-22,426.0
DADRA AND NAGAR,04-04-22,775.0
DADRA AND NAGAR,04-05-22,1424.0
DADRA AND NAGAR,04-06-22,683.0
DADRA AND NAGAR,04-08-22,751.0
DADRA AND NAGAR,04-10-22,788.0
DADRA AND NAGAR,04-11-22,329.0
DADRA AND NAGAR,04-13-22,859.0
DADRA AND NAGAR,04-15-22,399.0
DADRA AND NAGAR,04-16-22,1195.0
DADRA AND NAGAR,04-18-22,1320.9
DADRA AND NAGAR,04-19-22,799.0
DADRA AND NAGAR,04-20-22,299.0
DADRA AND NAGAR,04-22-22,859.0
DADRA AND NAGAR,04-23-22,329.0
DADRA AND NAGAR,04-24-22,1432.0
DADRA AND NAGAR,04-26-22,759.0
DADRA AND NAGAR,04-30-22,2197.0
DADRA AND NAGAR,05-01-22,3847.54
DADRA AND NAGAR,05-02-22,499.0
DADRA AND NAGAR,05-03-22,1589.0
DADRA AND NAGAR,05-04-22,399.0
DADRA AND NAGAR,05-07-22,385.0
DADRA AND NAGAR,05-10-22,1548.0
DADRA AND NAGAR,05-11-22,2610.0
DADRA AND NAGAR,05-13-22,1798.0
DADRA AND NAGAR,05-14-22,713.0
DADRA AND NAGAR,05-15-22,1467.0
DADRA AND NAGAR,05-17-22,487.0
DADRA AND NAGAR,05-23-22,0.0
DADRA AND NAGAR,06-01-22,435.0
DADRA AND NAGAR,06-07-22,1128.24
DADRA AND NAGAR,06-08-22,435.24
DADRA AND NAGAR,06-10-22,1060.0
DADRA AND NAGAR,06-12-22,2106.0
DADRA AND NAGAR,06-14-22,0.0
DADRA AND NAGAR,06-15-22,1399.0
DADRA AND NAGAR,06-16-22,1283.0
DADRA AND NAGAR,06-21-22,1031.0
DADRA AND NAGAR,06-26-22,1148.0
DELHI,03-31-22,7424.0
DELHI,04-01-22,52529.79
DELHI,04-02-22,58804.96
DELHI,04-03-22,73045.67
DELHI,04-04-22,45846.44
DELHI,04-05-22,56909.0
DELHI,04-06-22,52765.67
DELHI,04-07-22,54969.0
DELHI,04-08-22,55075.71
DELHI,04-09-22,45990.95
DELHI,04-10-22,72881.83
DELHI,04-11-22,52888.17
DELHI,04-12-22,38615.57
DELHI,04-13-22,55333.52
DELHI,04-14-22,55585.61
DELHI,04-15-22,63737.33
DELHI,04-16-22,59478.18
DELHI,04-17-22,53605.07
DELHI,04-18-22,49996.95
DELHI,04-19-22,51066.0
DELHI,04-20-22,64763.53
DELHI,04-21-22,52071.76
DELHI,04-22-22,53266.38
DELHI,04-23-22,67889.14
DELHI,04-24-22,66102.24
DELHI,04-25-22,46987.99
DELHI,04-26-22,55197.38
DELHI,04-27-22,53795.59
DELHI,04-28-22,41345.29
DELHI,04-29-22,38525.0
DELHI,04-30-22,45160.58
DELHI,05-01-22,54506.24
DELHI,05-02-22,57471.0
DELHI,05-03-22,55743.9
DELHI,05-04-22,46416.0
DELHI,05-05-22,47726.29
DELHI,05-06-22,62319.1
DELHI,05-07-22,53194.15
DELHI,05-08-22,47877.05
DELHI,05-09-22,42439.0
DELHI,05-10-22,40222.0
DELHI,05-11-22,39145.53
DELHI,05-12-22,28752.96
DELHI,05-13-22,44466.21
DELHI,05-14-22,39736.34
DELHI,05-15-22,50810.04
DELHI,05-16-22,39009.39
DELHI,05-17-22,45615.14
DELHI,05-18-22,44168.25
DELHI,05-19-22,40120.76
DELHI,05-20-22,35046.0
DELHI,05-21-22,41241.48
DELHI,05-22-22,39317.52
DELHI,05-23-22,36495.68
DELHI,05-24-22,41927.36
DELHI,05-25-22,47367.71
DELHI,05-26-22,37190.0
DELHI,05-27-22,48272.05
DELHI,05-28-22,41369.0
DELHI,05-29-22,41236.81
DELHI,05-30-22,36572.0
DELHI,05-31-22,41571.24
DELHI,06-01-22,60970.81
DELHI,06-02-22,51227.24
DELHI,06-03-22,38319.0
DELHI,06-04-22,58053.38
DELHI,06-05-22,57536.11
DELHI,06-06-22,47254.0
DELHI,06-07-22,51435.0
DELHI,06-08-22,38412.25
DELHI,06-09-22,42841.38
DELHI,06-10-22,42352.1
DELHI,06-11-22,41642.0
DELHI,06-12-22,58673.9
DELHI,06-13-22,43323.62
DELHI,06-14-22,56865.0
DELHI,06-15-22,39912.71
DELHI,06-16-22,41982.29
DELHI,06-17-22,42631.95
DELHI,06-18-22,31365.01
DELHI,06-19-22,43959.92
DELHI,06-20-22,33888.76
DELHI,06-21-22,23878.43
DELHI,06-22-22,39901.07
DELHI,06-23-22,30818.81
DELHI,06-24-22,25212.1
DELHI,06-25-22,29611.0
DELHI,06-26-22,47717.91
DELHI,06-27-22,40230.48
DELHI,06-28-22,51452.24
DELHI,06-29-22,14747.0
Delhi,04-01-22,1132.0
Delhi,04-02-22,589.0
Delhi,04-04-22,791.0
Delhi,04-05-22,549.0
Delhi,04-06-22,443.0
Delhi,04-07-22,997.0
Delhi,04-08-22,548.0
Delhi,04-10-22,788.0
Delhi,04-11-22,2308.0
Delhi,04-12-22,1133.0
Delhi,04-13-22,487.0
Delhi,04-14-22,625.0
Delhi,04-15-22,1648.0
Delhi,04-16-22,590.0
Delhi,04-17-22,3313.0
Delhi,04-18-22,1311.0
Delhi,04-19-22,788.0
Delhi,04-20-22,1352.0
Delhi,04-21-22,563.0
Delhi,04-22-22,1727.0
Delhi,04-23-22,2368.0
Delhi,04-24-22,2614.0
Delhi,04-25-22,696.0
Delhi,04-26-22,1062.0
Delhi,04-28-22,499.0
Delhi,04-29-22,1117.0
Delhi,05-01-22,1719.0
Delhi,05-03-22,1757.0
Delhi,05-04-22,517.0
Delhi,05-05-22,1233.0
Delhi,05-06-22,2428.29
Delhi,05-08-22,3677.21
Delhi,05-09-22,1768.29
Delhi,05-10-22,399.0
Delhi,05-11-22,1144.0
Delhi,05-12-22,1105.36
Delhi,05-13-22,1595.0
Delhi,05-14-22,1180.0
Delhi,05-15-22,736.0
Delhi,05-18-22,1170.0
Delhi,05-19-22,1432.0
Delhi,05-20-22,1285.24
Delhi,05-21-22,1184.0
Delhi,05-22-22,1541.0
Delhi,05-26-22,399.0
Delhi,05-27-22,1683.0
Delhi,05-28-22,518.0
Delhi,05-29-22,3677.0
Delhi,05-31-22,537.0
Delhi,06-01-22,0.0
Delhi,06-02-22,1570.0
Delhi,06-04-22,590.0
Delhi,06-05-22,999.0
Delhi,06-06-22,2053.0
Delhi,06-07-22,650.0
Delhi,06-08-22,2506.0
Delhi,06-09-22,1824.48
Delhi,06-10-22,631.0
Delhi,06-11-22,3047.0
Delhi,06-12-22,1651.0
Delhi,06-13-22,434.0
Delhi,06-14-22,1351.0
Delhi,06-15-22,4972.0
Delhi,06-16-22,1753.0
Delhi,06-17-22,399.0
Delhi,06-18-22,945.0
Delhi,06-20-22,463.0
Delhi,06-23-22,1915.0
Delhi,06-24-22,1344.0
Delhi,06-25-22,1867.0
Delhi,06-28-22,955.0
GOA,03-31-22,542.0
GOA,04-01-22,3359.4300000000003
GOA,04-02-22,8661.67
GOA,04-03-22,10474.0
GOA,04-04-22,9880.67
GOA,04-05-22,5088.0
GOA,04-06-22,5955.0
GOA,04-07-22,12366.86
GOA,04-08-22,12007.48
GOA,04-09-22,10450.0
GOA,04-10-22,13123.0
GOA,04-11-22,3858.0
GOA,04-12-22,10820.81
GOA,04-13-22,6529.57
GOA,04-14-22,9459.14
GOA,04-15-22,13880.0
GOA,04-16-22,8344.0
GOA,04-17-22,5730.280000000001
GOA,04-18-22,7037.86
GOA,04-19-22,7078.0
GOA,04-20-22,13343.48
GOA,04-21-22,10174.24
GOA,04-22-22,8126.0
GOA,04-23-22,4345.0
GOA,04-24-22,5751.0
GOA,04-25-22,14017.0
GOA,04-26-22,11142.19
GOA,04-27-22,10400.14
GOA,04-28-22,8292.0
GOA,04-29-22,4391.0
GOA,04-30-22,4123.0
GOA,05-01-22,9398.0
GOA,05-02-22,8873.0
GOA,05-03-22,9568.76
GOA,05-04-22,7804.0
GOA,05-05-22,6443.0
GOA,05-06-22,5285.0
GOA,05-07-22,11524.0
GOA,05-08-22,6187.0
GOA,05-09-22,8609.0
GOA,05-10-22,2468.0
GOA,05-11-22,5580.14
GOA,05-12-22,1640.0
GOA,05-13-22,3519.0
GOA,05-14-22,5203.86
GOA,05-15-22,5677.0
GOA,05-16-22,9896.0
GOA,05-17-22,7424.86
GOA,05-18-22,9702.71
GOA,05-19-22,2102.0
GOA,05-20-22,6923.0
GOA,05-21-22,2537.0
GOA,05-22-22,1295.0
GOA,05-23-22,4257.0
GOA,05-24-22,4467.0
GOA,05-25-22,5006.0
GOA,05-26-22,5806.0
GOA,05-27-22,8016.0
GOA,05-28-22,5677.0
GOA,05-29-22,6188.0
GOA,05-30-22,5816.0
GOA,05-31-22,5245.0
GOA,06-01-22,8241.86
GOA,06-02-22,7710.0
GOA,06-03-22,8849.0
GOA,06-04-22,3081.62
GOA,06-05-22,10952.93
GOA,06-06-22,4509.0
GOA,06-07-22,7013.0
GOA,06-08-22,6428.29
GOA,06-09-22,5947.0
GOA,06-10-22,5870.0
GOA,06-11-22,4216.0
GOA,06-12-22,7296.0
GOA,06-13-22,4001.0
GOA,06-14-22,2891.0
GOA,06-15-22,2458.0
GOA,06-16-22,4986.0
GOA,06-17-22,8552.0
GOA,06-18-22,7517.0
GOA,06-19-22,6013.0
GOA,06-20-22,8089.0
GOA,06-21-22,6290.0
GOA,06-22-22,7614.0
GOA,06-23-22,2967.0
GOA,06-24-22,5469.0
GOA,06-25-22,3519.0
GOA,06-26-22,8860.0
GOA,06-27-22,4125.0
GOA,06-28-22,6497.0
GOA,06-29-22,2586.0
Goa,04-07-22,267.0
Goa,04-08-22,442.0
Goa,04-11-22,788.0
Goa,04-16-22,459.0
Goa,04-21-22,1583.0
Goa,04-23-22,1669.0
Goa,04-28-22,846.0
Goa,04-29-22,579.0
Goa,04-30-22,1584.0
Goa,05-08-22,787.0
Goa,05-09-22,579.0
Goa,05-22-22,625.0
Goa,05-29-22,574.0
Goa,05-31-22,1604.0
Goa,06-03-22,771.0
Goa,06-07-22,636.0
Goa,06-08-22,457.0
Goa,06-09-22,486.0
Goa,06-15-22,443.0
Goa,06-23-22,301.0
Goa,06-25-22,301.0
Gujarat,03-31-22,4591.0
Gujarat,04-01-22,31512.0
Gujarat,04-02-22,34584.96
Gujarat,04-03-22,32490.0
Gujarat,04-04-22,32013.0
Gujarat,04-05-22,33971.42
Gujarat,04-06-22,35492.62
Gujarat,04-07-22,26947.72
Gujarat,04-08-22,36326.14
Gujarat,04-09-22,27747.2
Gujarat,04-10-22,40599.0
Gujarat,04-11-22,24899.68
Gujarat,04-12-22,31441.34
Gujarat,04-13-22,30790.04
Gujarat,04-14-22,44001.8
Gujarat,04-15-22,31793.24
Gujarat,04-16-22,36370.48
Gujarat,04-17-22,40881.44
Gujarat,04-18-22,27708.66
Gujarat,04-19-22,33943.86
Gujarat,04-20-22,39293.44
Gujarat,04-21-22,30535.76
Gujarat,04-22-22,30194.8
Gujarat,04-23-22,30201.28
Gujarat,04-24-22,42596.86
Gujarat,04-25-22,37251.32
Gujarat,04-26-22,29627.66
Gujarat,04-27-22,18412.54
Gujarat,04-28-22,28976.34
Gujarat,04-29-22,43506.36
Gujarat,04-30-22,39971.52
Gujarat,05-01-22,41769.0
Gujarat,05-02-22,36074.8
Gujarat,05-03-22,39572.96
Gujarat,05-04-22,44697.66
Gujarat,05-05-22,37916.42
Gujarat,05-06-22,41228.1
Gujarat,05-07-22,40846.7
Gujarat,05-08-22,36454.72
Gujarat,05-09-22,30709.4
Gujarat,05-10-22,27076.66
Gujarat,05-11-22,29715.14
Gujarat,05-12-22,27419.28
Gujarat,05-13-22,29755.48
Gujarat,05-14-22,31044.9
Gujarat,05-15-22,33492.58
Gujarat,05-16-22,28879.48
Gujarat,05-17-22,36920.94
Gujarat,05-18-22,33083.24
Gujarat,05-19-22,27357.78
Gujarat,05-20-22,30235.42
Gujarat,05-21-22,19070.12
Gujarat,05-22-22,20868.24
Gujarat,05-23-22,22767.34
Gujarat,05-24-22,25330.38
Gujarat,05-25-22,24330.0
Gujarat,05-26-22,26809.2
Gujarat,05-27-22,31535.0
Gujarat,05-28-22,28195.76
Gujarat,05-29-22,25077.8
Gujarat,05-30-22,24048.0
Gujarat,05-31-22,26159.0
Gujarat,06-01-22,31205.12
Gujarat,06-02-22,26553.58
Gujarat,06-03-22,28236.04
Gujarat,06-04-22,17253.0
Gujarat,06-05-22,18670.0
Gujarat,06-06-22,35308.66
Gujarat,06-07-22,34567.28
Gujarat,06-08-22,34001.82
Gujarat,06-09-22,25383.54
Gujarat,06-10-22,29492.0
Gujarat,06-11-22,28235.12
Gujarat,06-12-22,29442.0
Gujarat,06-13-22,28727.28
Gujarat,06-14-22,31142.56
Gujarat,06-15-22,27069.2
Gujarat,06-16-22,26528.0
Gujarat,06-17-22,20690.36
Gujarat,06-18-22,21965.0
Gujarat,06-19-22,20429.28
Gujarat,06-20-22,17719.88
Gujarat,06-21-22,25976.04
Gujarat,06-22-22,30672.52
Gujarat,06-23-22,24351.54
Gujarat,06-24-22,28129.1
Gujarat,06-25-22,13902.0
Gujarat,06-26-22,32913.96
Gujarat,06-27-22,29591.96
Gujarat,06-28-22,27760.0
Gujarat,06-29-22,15620.0
HARYANA,03-31-22,3397.19
HARYANA,04-01-22,30182.19
HARYANA,04-02-22,30741.48
HARYANA,04-03-22,23889.19
HARYANA,04-04-22,34484.24
HARYANA,04-05-22,35635.48
HARYANA,04-06-22,24000.24
HARYANA,04-07-22,25913.14
HARYANA,04-08-22,32130.92
HARYANA,04-09-22,42846.34
HARYANA,04-10-22,45252.84
HARYANA,04-11-22,26364.52
HARYANA,04-12-22,29556.57
HARYANA,04-13-22,37023.18
HARYANA,04-14-22,31539.34
HARYANA,04-15-22,47000.58
HARYANA,04-16-22,41760.1
HARYANA,04-17-22,51672.29
HARYANA,04-18-22,20934.19
HARYANA,04-19-22,25458.0
HARYANA,04-20-22,44708.33
HARYANA,04-21-22,28996.71
HARYANA,04-22-22,46843.34
HARYANA,04-23-22,49065.33
HARYANA,04-24-22,45263.24
HARYANA,04-25-22,31321.18
HARYANA,04-26-22,27884.86
HARYANA,04-27-22,22678.9
HARYANA,04-28-22,37624.81
HARYANA,04-29-22,29019.48
HARYANA,04-30-22,38248.51
HARYANA,05-01-22,34942.95
HARYANA,05-02-22,48902.58
HARYANA,05-03-22,38787.93
HARYANA,05-04-22,52205.5
HARYANA,05-05-22,40850.89
HARYANA,05-06-22,32121.0
HARYANA,05-07-22,45401.81
HARYANA,05-08-22,23736.29
HARYANA,05-09-22,21943.0
HARYANA,05-10-22,22902.29
HARYANA,05-11-22,21924.0
HARYANA,05-12-22,29352.0
HARYANA,05-13-22,16846.57
HARYANA,05-14-22,28572.09
HARYANA,05-15-22,25955.0
HARYANA,05-16-22,39294.43
HARYANA,05-17-22,31432.48
HARYANA,05-18-22,22988.09
HARYANA,05-19-22,22666.0
HARYANA,05-20-22,23338.54
HARYANA,05-21-22,27633.76
HARYANA,05-22-22,37240.43
HARYANA,05-23-22,32991.43
HARYANA,05-24-22,30426.0
HARYANA,05-25-22,27843.29
HARYANA,05-26-22,33836.29
HARYANA,05-27-22,31798.0
HARYANA,05-28-22,45383.29
HARYANA,05-29-22,34565.49
HARYANA,05-30-22,36564.0
HARYANA,05-31-22,29873.62
HARYANA,06-01-22,39380.81
HARYANA,06-02-22,31750.86
HARYANA,06-03-22,14592.0
HARYANA,06-04-22,31677.0
HARYANA,06-05-22,37650.86
HARYANA,06-06-22,34789.0
HARYANA,06-07-22,39264.0
HARYANA,06-08-22,40815.57
HARYANA,06-09-22,34969.38
HARYANA,06-10-22,26861.0
HARYANA,06-11-22,24893.0
HARYANA,06-12-22,35343.0
HARYANA,06-13-22,26658.1
HARYANA,06-14-22,38367.24
HARYANA,06-15-22,33796.0
HARYANA,06-16-22,37506.0
HARYANA,06-17-22,26712.0
HARYANA,06-18-22,26021.0
HARYANA,06-19-22,22120.28
HARYANA,06-20-22,22696.47
HARYANA,06-21-22,26928.43
HARYANA,06-22-22,26137.0
HARYANA,06-23-22,25561.670000000002
HARYANA,06-24-22,22376.0
HARYANA,06-25-22,25267.0
HARYANA,06-26-22,39619.57
HARYANA,06-27-22,24432.0
HARYANA,06-28-22,18143.0
HARYANA,06-29-22,14009.0
HIMACHAL PRADESH,04-01-22,11770.19
HIMACHAL PRADESH,04-02-22,11705.43
HIMACHAL PRADESH,04-03-22,5605.0
HIMACHAL PRADESH,04-04-22,4887.43
HIMACHAL PRADESH,04-05-22,7160.71
HIMACHAL PRADESH,04-06-22,7656.42
HIMACHAL PRADESH,04-07-22,1079.0
HIMACHAL PRADESH,04-08-22,3100.0
HIMACHAL PRADESH,04-09-22,4935.0
HIMACHAL PRADESH,04-10-22,5332.89
HIMACHAL PRADESH,04-11-22,5751.0
HIMACHAL PRADESH,04-12-22,5482.0
HIMACHAL PRADESH,04-13-22,3451.0
HIMACHAL PRADESH,04-14-22,10853.0
HIMACHAL PRADESH,04-15-22,3983.0
HIMACHAL PRADESH,04-16-22,17570.62
HIMACHAL PRADESH,04-17-22,5433.0
HIMACHAL PRADESH,04-18-22,7647.0
HIMACHAL PRADESH,04-19-22,5917.0
HIMACHAL PRADESH,04-20-22,5862.0
HIMACHAL PRADESH,04-21-22,5453.0
HIMACHAL PRADESH,04-22-22,7908.33
HIMACHAL PRADESH,04-23-22,6680.0
HIMACHAL PRADESH,04-24-22,6447.95
HIMACHAL PRADESH,04-25-22,7642.57
HIMACHAL PRADESH,04-26-22,7555.0
HIMACHAL PRADESH,04-27-22,5278.0
HIMACHAL PRADESH,04-28-22,5305.0
HIMACHAL PRADESH,04-29-22,2412.0
HIMACHAL PRADESH,04-30-22,8991.0
HIMACHAL PRADESH,05-01-22,3574.0
HIMACHAL PRADESH,05-02-22,5960.48
HIMACHAL PRADESH,05-03-22,8564.0
HIMACHAL PRADESH,05-04-22,4422.0
HIMACHAL PRADESH,05-05-22,6931.0
HIMACHAL PRADESH,05-06-22,6767.0
HIMACHAL PRADESH,05-07-22,4671.67
HIMACHAL PRADESH,05-08-22,8233.57
HIMACHAL PRADESH,05-09-22,6685.0
HIMACHAL PRADESH,05-10-22,3032.0
HIMACHAL PRADESH,05-11-22,5900.0
HIMACHAL PRADESH,05-12-22,1528.0
HIMACHAL PRADESH,05-13-22,4125.0
HIMACHAL PRADESH,05-14-22,4237.38
HIMACHAL PRADESH,05-15-22,5145.0
HIMACHAL PRADESH,05-16-22,6454.1900000000005
HIMACHAL PRADESH,05-17-22,3125.0
HIMACHAL PRADESH,05-18-22,5102.43
HIMACHAL PRADESH,05-19-22,7528.62
HIMACHAL PRADESH,05-20-22,1984.0
HIMACHAL PRADESH,05-21-22,3408.0
HIMACHAL PRADESH,05-22-22,8146.62
HIMACHAL PRADESH,05-23-22,764.0
HIMACHAL PRADESH,05-24-22,4796.9
HIMACHAL PRADESH,05-25-22,1478.0
HIMACHAL PRADESH,05-26-22,1135.0
HIMACHAL PRADESH,05-27-22,2913.0
HIMACHAL PRADESH,05-28-22,6008.0
HIMACHAL PRADESH,05-29-22,3088.43
HIMACHAL PRADESH,05-30-22,8350.0
HIMACHAL PRADESH,05-31-22,7341.53
HIMACHAL PRADESH,06-01-22,3125.0
HIMACHAL PRADESH,06-02-22,5225.72
HIMACHAL PRADESH,06-03-22,7039.14
HIMACHAL PRADESH,06-04-22,7860.0
HIMACHAL PRADESH,06-05-22,6125.860000000001
HIMACHAL PRADESH,06-06-22,6687.11
HIMACHAL PRADESH,06-07-22,10126.0
HIMACHAL PRADESH,06-08-22,4559.11
HIMACHAL PRADESH,06-09-22,7446.0
HIMACHAL PRADESH,06-10-22,4882.0
HIMACHAL PRADESH,06-11-22,4196.1
HIMACHAL PRADESH,06-12-22,6409.0
HIMACHAL PRADESH,06-13-22,2969.38
HIMACHAL PRADESH,06-14-22,1943.0
HIMACHAL PRADESH,06-15-22,7745.25
HIMACHAL PRADESH,06-16-22,3312.0
HIMACHAL PRADESH,06-17-22,5385.0
HIMACHAL PRADESH,06-18-22,5962.1900000000005
HIMACHAL PRADESH,06-19-22,2561.0
HIMACHAL PRADESH,06-20-22,681.0
HIMACHAL PRADESH,06-21-22,6134.0
HIMACHAL PRADESH,06-22-22,6195.0
HIMACHAL PRADESH,06-23-22,5910.0
HIMACHAL PRADESH,06-24-22,7403.0
HIMACHAL PRADESH,06-25-22,6445.0
HIMACHAL PRADESH,06-26-22,6025.0
HIMACHAL PRADESH,06-27-22,5141.0
HIMACHAL PRADESH,06-28-22,5617.29
JAMMU & KASHMIR,03-31-22,724.76
JAMMU & KASHMIR,04-01-22,1391.0
JAMMU & KASHMIR,04-02-22,4103.95
JAMMU & KASHMIR,04-03-22,3493.0
JAMMU & KASHMIR,04-04-22,2985.0
JAMMU & KASHMIR,04-05-22,5530.0
JAMMU & KASHMIR,04-06-22,7225.1
JAMMU & KASHMIR,04-07-22,3484.33
JAMMU & KASHMIR,04-08-22,7884.0
JAMMU & KASHMIR,04-09-22,3963.0
JAMMU & KASHMIR,04-10-22,4552.0
JAMMU & KASHMIR,04-11-22,5442.48
JAMMU & KASHMIR,04-12-22,4444.57
JAMMU & KASHMIR,04-13-22,9053.95
JAMMU & KASHMIR,04-14-22,5526.0
JAMMU & KASHMIR,04-15-22,6081.0
JAMMU & KASHMIR,04-16-22,10065.1
JAMMU & KASHMIR,04-17-22,4197.0
JAMMU & KASHMIR,04-18-22,6442.0
JAMMU & KASHMIR,04-19-22,8743.0
JAMMU & KASHMIR,04-20-22,8733.0
JAMMU & KASHMIR,04-21-22,9272.0
JAMMU & KASHMIR,04-22-22,7538.0
JAMMU & KASHMIR,04-23-22,6480.86
JAMMU & KASHMIR,04-24-22,4550.12
JAMMU & KASHMIR,04-25-22,6038.0
JAMMU & KASHMIR,04-26-22,3947.0
JAMMU & KASHMIR,04-27-22,5256.0
JAMMU & KASHMIR,04-28-22,6114.0
JAMMU & KASHMIR,04-29-22,6965.0
JAMMU & KASHMIR,04-30-22,4684.0
JAMMU & KASHMIR,05-01-22,7156.0
JAMMU & KASHMIR,05-02-22,5832.0
JAMMU & KASHMIR,05-03-22,3895.0
JAMMU & KASHMIR,05-04-22,14261.72
JAMMU & KASHMIR,05-05-22,8256.36
JAMMU & KASHMIR,05-06-22,2946.0
JAMMU & KASHMIR,05-07-22,6005.0
JAMMU & KASHMIR,05-08-22,8282.0
JAMMU & KASHMIR,05-09-22,4270.0
JAMMU & KASHMIR,05-10-22,3510.81
JAMMU & KASHMIR,05-11-22,4538.0
JAMMU & KASHMIR,05-12-22,2434.19
JAMMU & KASHMIR,05-13-22,4516.0
JAMMU & KASHMIR,05-14-22,4530.0
JAMMU & KASHMIR,05-15-22,3579.0
JAMMU & KASHMIR,05-16-22,2523.48
JAMMU & KASHMIR,05-17-22,5064.0
JAMMU & KASHMIR,05-18-22,3518.8599999999997
JAMMU & KASHMIR,05-19-22,2516.0
JAMMU & KASHMIR,05-20-22,3142.86
JAMMU & KASHMIR,05-21-22,3885.0
JAMMU & KASHMIR,05-22-22,8156.43
JAMMU & KASHMIR,05-23-22,4224.0
JAMMU & KASHMIR,05-24-22,1424.0
JAMMU & KASHMIR,05-25-22,2041.0
JAMMU & KASHMIR,05-26-22,4989.0
JAMMU & KASHMIR,05-27-22,1405.0
JAMMU & KASHMIR,05-28-22,1998.0
JAMMU & KASHMIR,05-29-22,2029.0
JAMMU & KASHMIR,05-30-22,4169.0
JAMMU & KASHMIR,05-31-22,2062.0
JAMMU & KASHMIR,06-01-22,5459.0
JAMMU & KASHMIR,06-02-22,6079.0
JAMMU & KASHMIR,06-03-22,7182.0
JAMMU & KASHMIR,06-04-22,7124.0
JAMMU & KASHMIR,06-05-22,7566.38
JAMMU & KASHMIR,06-06-22,8065.0
JAMMU & KASHMIR,06-07-22,8733.0
JAMMU & KASHMIR,06-08-22,3344.0
JAMMU & KASHMIR,06-09-22,7106.0
JAMMU & KASHMIR,06-10-22,4794.0
JAMMU & KASHMIR,06-11-22,5856.0
JAMMU & KASHMIR,06-12-22,3382.1
JAMMU & KASHMIR,06-13-22,6093.9
JAMMU & KASHMIR,06-14-22,5366.0
JAMMU & KASHMIR,06-15-22,2324.0
JAMMU & KASHMIR,06-16-22,5456.0
JAMMU & KASHMIR,06-17-22,1662.4299999999998
JAMMU & KASHMIR,06-18-22,2568.0
JAMMU & KASHMIR,06-19-22,6376.0
JAMMU & KASHMIR,06-20-22,14034.0
JAMMU & KASHMIR,06-21-22,3140.0
JAMMU & KASHMIR,06-22-22,1554.0
JAMMU & KASHMIR,06-23-22,1418.0
JAMMU & KASHMIR,06-24-22,1436.0
JAMMU & KASHMIR,06-25-22,2159.0
JAMMU & KASHMIR,06-26-22,5161.0
JAMMU & KASHMIR,06-27-22,5981.0
JAMMU & KASHMIR,06-28-22,2076.0
JAMMU & KASHMIR,06-29-22,3368.0
JHARKHAND,03-31-22,1098.0
JHARKHAND,04-01-22,12091.0
JHARKHAND,04-02-22,12065.95
JHARKHAND,04-03-22,12090.04
JHARKHAND,04-04-22,6911.0
JHARKHAND,04-05-22,12099.33
JHARKHAND,04-06-22,4828.0
JHARKHAND,04-07-22,7763.95
JHARKHAND,04-08-22,12311.0
JHARKHAND,04-09-22,17146.45
JHARKHAND,04-10-22,8649.32
JHARKHAND,04-11-22,11381.86
JHARKHAND,04-12-22,16537.3
JHARKHAND,04-13-22,8421.0
JHARKHAND,04-14-22,19865.29
JHARKHAND,04-15-22,11849.0
JHARKHAND,04-16-22,16377.34
JHARKHAND,04-17-22,16937.0
JHARKHAND,04-18-22,11773.57
JHARKHAND,04-19-22,17994.43
JHARKHAND,04-20-22,13828.93
JHARKHAND,04-21-22,10202.0
JHARKHAND,04-22-22,15541.82
JHARKHAND,04-23-22,20470.0
JHARKHAND,04-24-22,9619.24
JHARKHAND,04-25-22,14815.0
JHARKHAND,04-26-22,14475.93
JHARKHAND,04-27-22,12688.19
JHARKHAND,04-28-22,11976.48
JHARKHAND,04-29-22,15571.0
JHARKHAND,04-30-22,17257.57
JHARKHAND,05-01-22,13228.14
JHARKHAND,05-02-22,10616.0
JHARKHAND,05-03-22,15469.0
JHARKHAND,05-04-22,20506.05
JHARKHAND,05-05-22,10067.52
JHARKHAND,05-06-22,10743.0
JHARKHAND,05-07-22,8942.68
JHARKHAND,05-08-22,9671.0
JHARKHAND,05-09-22,11969.62
JHARKHAND,05-10-22,8953.1
JHARKHAND,05-11-22,14088.58
JHARKHAND,05-12-22,5430.0
JHARKHAND,05-13-22,9586.29
JHARKHAND,05-14-22,10655.1
JHARKHAND,05-15-22,7336.62
JHARKHAND,05-16-22,7205.0
JHARKHAND,05-17-22,10710.57
JHARKHAND,05-18-22,6976.0
JHARKHAND,05-19-22,3844.0
JHARKHAND,05-20-22,6897.0
JHARKHAND,05-21-22,4792.0
JHARKHAND,05-22-22,10885.48
JHARKHAND,05-23-22,4275.0
JHARKHAND,05-24-22,9384.0
JHARKHAND,05-25-22,12281.0
JHARKHAND,05-26-22,12271.0
JHARKHAND,05-27-22,9831.0
JHARKHAND,05-28-22,11617.48
JHARKHAND,05-29-22,10675.0
JHARKHAND,05-30-22,10573.380000000001
JHARKHAND,05-31-22,11508.29
JHARKHAND,06-01-22,6417.0
JHARKHAND,06-02-22,5513.1900000000005
JHARKHAND,06-03-22,6761.0
JHARKHAND,06-04-22,7972.9
JHARKHAND,06-05-22,9920.0
JHARKHAND,06-06-22,7612.0
JHARKHAND,06-07-22,6516.0
JHARKHAND,06-08-22,7631.0
JHARKHAND,06-09-22,8422.0
JHARKHAND,06-10-22,7072.48
JHARKHAND,06-11-22,5271.0
JHARKHAND,06-12-22,5344.0
JHARKHAND,06-13-22,6746.75
JHARKHAND,06-14-22,6594.0
JHARKHAND,06-15-22,9981.62
JHARKHAND,06-16-22,7367.62
JHARKHAND,06-17-22,9533.71
JHARKHAND,06-18-22,4662.48
JHARKHAND,06-19-22,7264.0
JHARKHAND,06-20-22,8919.71
JHARKHAND,06-21-22,10331.0
JHARKHAND,06-22-22,11735.0
JHARKHAND,06-23-22,9323.86
JHARKHAND,06-24-22,6759.0
JHARKHAND,06-25-22,4905.0
JHARKHAND,06-26-22,4665.0
JHARKHAND,06-27-22,6781.0
JHARKHAND,06-28-22,7749.0
JHARKHAND,06-29-22,5691.0
KARNATAKA,03-31-22,13544.43
KARNATAKA,04-01-22,122400.45
KARNATAKA,04-02-22,124614.23
KARNATAKA,04-03-22,138353.14
KARNATAKA,04-04-22,122106.33
KARNATAKA,04-05-22,126817.54
KARNATAKA,04-06-22,126840.61
KARNATAKA,04-07-22,114792.04
KARNATAKA,04-08-22,114270.19
KARNATAKA,04-09-22,147198.05
KARNATAKA,04-10-22,129917.76
KARNATAKA,04-11-22,130691.4
KARNATAKA,04-12-22,121058.76
KARNATAKA,04-13-22,133251.43
KARNATAKA,04-14-22,156726.62
KARNATAKA,04-15-22,136502.33
KARNATAKA,04-16-22,137261.62
KARNATAKA,04-17-22,112663.89
KARNATAKA,04-18-22,113168.87
KARNATAKA,04-19-22,137540.4
KARNATAKA,04-20-22,117086.48
KARNATAKA,04-21-22,117233.9
KARNATAKA,04-22-22,120574.43
KARNATAKA,04-23-22,134230.44
KARNATAKA,04-24-22,130572.48
KARNATAKA,04-25-22,128262.47
KARNATAKA,04-26-22,115190.91
KARNATAKA,04-27-22,122418.63
KARNATAKA,04-28-22,120018.25
KARNATAKA,04-29-22,99596.12
KARNATAKA,04-30-22,112457.78
KARNATAKA,05-01-22,132843.53
KARNATAKA,05-02-22,176383.26
KARNATAKA,05-03-22,158609.4
KARNATAKA,05-04-22,157420.7
KARNATAKA,05-05-22,111985.58
KARNATAKA,05-06-22,99602.76
KARNATAKA,05-07-22,111447.6
KARNATAKA,05-08-22,88658.29
KARNATAKA,05-09-22,76556.34
KARNATAKA,05-10-22,93108.4
KARNATAKA,05-11-22,98037.77
KARNATAKA,05-12-22,92654.68
KARNATAKA,05-13-22,102337.45
KARNATAKA,05-14-22,94359.16
KARNATAKA,05-15-22,116303.49
KARNATAKA,05-16-22,102139.57
KARNATAKA,05-17-22,99167.84
KARNATAKA,05-18-22,95155.73
KARNATAKA,05-19-22,94623.25
KARNATAKA,05-20-22,105639.67
KARNATAKA,05-21-22,105883.33
KARNATAKA,05-22-22,101796.35
KARNATAKA,05-23-22,98483.3
KARNATAKA,05-24-22,97624.76
KARNATAKA,05-25-22,98548.03
KARNATAKA,05-26-22,112328.24
KARNATAKA,05-27-22,101681.24
KARNATAKA,05-28-22,113950.29
KARNATAKA,05-29-22,122249.62
KARNATAKA,05-30-22,115667.81
KARNATAKA,05-31-22,117877.63
KARNATAKA,06-01-22,157762.63
KARNATAKA,06-02-22,142656.86
KARNATAKA,06-03-22,85911.05
KARNATAKA,06-04-22,118111.29
KARNATAKA,06-05-22,149159.09
KARNATAKA,06-06-22,137354.71
KARNATAKA,06-07-22,137279.14
KARNATAKA,06-08-22,155374.65
KARNATAKA,06-09-22,137952.2
KARNATAKA,06-10-22,109182.38
KARNATAKA,06-11-22,122652.33
KARNATAKA,06-12-22,128247.67
KARNATAKA,06-13-22,130282.3
KARNATAKA,06-14-22,135161.53
KARNATAKA,06-15-22,117172.86
KARNATAKA,06-16-22,95597.38
KARNATAKA,06-17-22,85202.0
KARNATAKA,06-18-22,119446.44
KARNATAKA,06-19-22,84558.52
KARNATAKA,06-20-22,103206.25
KARNATAKA,06-21-22,113967.74
KARNATAKA,06-22-22,120985.61
KARNATAKA,06-23-22,77230.12
KARNATAKA,06-24-22,87011.28
KARNATAKA,06-25-22,83633.38
KARNATAKA,06-26-22,96618.19
KARNATAKA,06-27-22,97301.63
KARNATAKA,06-28-22,123849.23
KARNATAKA,06-29-22,57758.86
KERALA,03-31-22,4977.52
KERALA,04-01-22,44986.27
KERALA,04-02-22,53943.66
KERALA,04-03-22,47383.8
KERALA,04-04-22,40525.42
KERALA,04-05-22,50984.33
KERALA,04-06-22,40984.9
KERALA,04-07-22,48036.9
KERALA,04-08-22,70240.59
KERALA,04-09-22,39728.73
KERALA,04-10-22,50520.15
KERALA,04-11-22,40889.58
KERALA,04-12-22,33485.48
KERALA,04-13-22,53659.52
KERALA,04-14-22,53696.62
KERALA,04-15-22,39215.89
KERALA,04-16-22,38177.38
KERALA,04-17-22,41909.56
KERALA,04-18-22,55179.23
KERALA,04-19-22,44868.23
KERALA,04-20-22,54541.66
KERALA,04-21-22,50042.71
KERALA,04-22-22,66383.66
KERALA,04-23-22,52604.14
KERALA,04-24-22,52790.53
KERALA,04-25-22,39596.68
KERALA,04-26-22,42657.54
KERALA,04-27-22,38772.81
KERALA,04-28-22,36173.72
KERALA,04-29-22,33233.0
KERALA,04-30-22,32876.05
KERALA,05-01-22,49449.23
KERALA,05-02-22,48364.0
KERALA,05-03-22,52400.62
KERALA,05-04-22,42750.55
KERALA,05-05-22,31710.0
KERALA,05-06-22,51385.19
KERALA,05-07-22,46430.05
KERALA,05-08-22,40106.24
KERALA,05-09-22,36519.49
KERALA,05-10-22,37364.06
KERALA,05-11-22,39733.73
KERALA,05-12-22,41711.16
KERALA,05-13-22,43329.53
KERALA,05-14-22,31010.35
KERALA,05-15-22,67202.02
KERALA,05-16-22,32287.0
KERALA,05-17-22,34137.99
KERALA,05-18-22,38492.91
KERALA,05-19-22,48692.0
KERALA,05-20-22,39225.02
KERALA,05-21-22,34887.19
KERALA,05-22-22,30907.29
KERALA,05-23-22,24855.0
KERALA,05-24-22,30798.15
KERALA,05-25-22,35197.05
KERALA,05-26-22,41207.57
KERALA,05-27-22,53217.0
KERALA,05-28-22,33550.0
KERALA,05-29-22,46386.38
KERALA,05-30-22,28913.0
KERALA,05-31-22,38963.54
KERALA,06-01-22,41996.86
KERALA,06-02-22,36423.43
KERALA,06-03-22,51514.25
KERALA,06-04-22,35164.0
KERALA,06-05-22,44560.86
KERALA,06-06-22,44850.2
KERALA,06-07-22,31554.0
KERALA,06-08-22,37464.63
KERALA,06-09-22,45222.0
KERALA,06-10-22,34076.0
KERALA,06-11-22,54998.02
KERALA,06-12-22,41266.0
KERALA,06-13-22,62117.71
KERALA,06-14-22,46928.53
KERALA,06-15-22,40346.67
KERALA,06-16-22,37696.24
KERALA,06-17-22,38007.72
KERALA,06-18-22,44729.2
KERALA,06-19-22,28498.81
KERALA,06-20-22,42658.46
KERALA,06-21-22,44829.76
KERALA,06-22-22,28363.44
KERALA,06-23-22,35157.98
KERALA,06-24-22,35919.33
KERALA,06-25-22,51155.43
KERALA,06-26-22,44541.19
KERALA,06-27-22,48398.86
KERALA,06-28-22,44153.43
KERALA,06-29-22,13385.0
LADAKH,04-03-22,1201.0
LADAKH,04-05-22,2006.0
LADAKH,04-07-22,824.0
LADAKH,04-08-22,751.0
LADAKH,04-09-22,1311.0
LADAKH,04-13-22,1432.0
LADAKH,04-14-22,1033.0
LADAKH,04-15-22,0.0
LADAKH,04-20-22,1115.0
LADAKH,04-24-22,2288.0
LADAKH,04-26-22,788.0
LADAKH,04-28-22,518.0
LADAKH,04-30-22,666.0
LADAKH,05-03-22,563.0
LADAKH,05-10-22,1186.0
LADAKH,05-14-22,1338.0
LADAKH,05-21-22,545.0
LADAKH,05-23-22,999.0
LADAKH,05-24-22,641.0
LADAKH,05-25-22,2485.0
LADAKH,05-28-22,771.0
LADAKH,06-02-22,486.0
LADAKH,06-04-22,1487.0
LADAKH,06-05-22,791.0
LADAKH,06-06-22,1569.0
LADAKH,06-07-22,1238.0
LADAKH,06-09-22,1442.0
LADAKH,06-11-22,908.0
LADAKH,06-16-22,771.0
LADAKH,06-17-22,951.43
LADAKH,06-18-22,1115.0
LADAKH,06-19-22,1435.0
LADAKH,06-25-22,736.0
LADAKH,06-27-22,1442.0
LADAKH,06-28-22,1556.0
LAKSHADWEEP,04-12-22,825.0
LAKSHADWEEP,05-12-22,1505.29
LAKSHADWEEP,06-06-22,845.0
MADHYA PRADESH,03-31-22,499.0
MADHYA PRADESH,04-01-22,20579.0
MADHYA PRADESH,04-02-22,14332.619999999999
MADHYA PRADESH,04-03-22,31825.9
MADHYA PRADESH,04-04-22,19340.0
MADHYA PRADESH,04-05-22,16527.0
MADHYA PRADESH,04-06-22,19265.0
MADHYA PRADESH,04-07-22,14933.0
MADHYA PRADESH,04-08-22,20786.19
MADHYA PRADESH,04-09-22,24386.81
MADHYA PRADESH,04-10-22,16296.43
MADHYA PRADESH,04-11-22,23921.08
MADHYA PRADESH,04-12-22,14998.05
MADHYA PRADESH,04-13-22,21897.0
MADHYA PRADESH,04-14-22,25983.0
MADHYA PRADESH,04-15-22,22811.54
MADHYA PRADESH,04-16-22,18265.57
MADHYA PRADESH,04-17-22,17247.14
MADHYA PRADESH,04-18-22,12317.1
MADHYA PRADESH,04-19-22,17119.85
MADHYA PRADESH,04-20-22,22969.62
MADHYA PRADESH,04-21-22,21937.71
MADHYA PRADESH,04-22-22,16590.86
MADHYA PRADESH,04-23-22,22693.47
MADHYA PRADESH,04-24-22,15523.69
MADHYA PRADESH,04-25-22,20062.420000000002
MADHYA PRADESH,04-26-22,13941.67
MADHYA PRADESH,04-27-22,17547.1
MADHYA PRADESH,04-28-22,18575.57
MADHYA PRADESH,04-29-22,14758.9
MADHYA PRADESH,04-30-22,21017.0
MADHYA PRADESH,05-01-22,16803.63
MADHYA PRADESH,05-02-22,38075.34
MADHYA PRADESH,05-03-22,27453.29
MADHYA PRADESH,05-04-22,20902.29
MADHYA PRADESH,05-05-22,14695.0
MADHYA PRADESH,05-06-22,21398.14
MADHYA PRADESH,05-07-22,16059.67
MADHYA PRADESH,05-08-22,24759.0
MADHYA PRADESH,05-09-22,22253.0
MADHYA PRADESH,05-10-22,8695.05
MADHYA PRADESH,05-11-22,17172.48
MADHYA PRADESH,05-12-22,14794.15
MADHYA PRADESH,05-13-22,14680.9
MADHYA PRADESH,05-14-22,11727.0
MADHYA PRADESH,05-15-22,14856.0
MADHYA PRADESH,05-16-22,6901.0
MADHYA PRADESH,05-17-22,7574.95
MADHYA PRADESH,05-18-22,20368.7
MADHYA PRADESH,05-19-22,16486.0
MADHYA PRADESH,05-20-22,12127.0
MADHYA PRADESH,05-21-22,17849.38
MADHYA PRADESH,05-22-22,13735.0
MADHYA PRADESH,05-23-22,14768.33
MADHYA PRADESH,05-24-22,18708.82
MADHYA PRADESH,05-25-22,19004.0
MADHYA PRADESH,05-26-22,14903.76
MADHYA PRADESH,05-27-22,21139.47
MADHYA PRADESH,05-28-22,24098.86
MADHYA PRADESH,05-29-22,14707.0
MADHYA PRADESH,05-30-22,12997.0
MADHYA PRADESH,05-31-22,22074.29
MADHYA PRADESH,06-01-22,15350.81
MADHYA PRADESH,06-02-22,8049.0
MADHYA PRADESH,06-03-22,19267.0
MADHYA PRADESH,06-04-22,16367.0
MADHYA PRADESH,06-05-22,26651.01
MADHYA PRADESH,06-06-22,19976.29
MADHYA PRADESH,06-07-22,22258.57
MADHYA PRADESH,06-08-22,16920.0
MADHYA PRADESH,06-09-22,20890.39
MADHYA PRADESH,06-10-22,19081.42
MADHYA PRADESH,06-11-22,20460.65
MADHYA PRADESH,06-12-22,33484.95
MADHYA PRADESH,06-13-22,22141.76
MADHYA PRADESH,06-14-22,18836.29
MADHYA PRADESH,06-15-22,16270.0
MADHYA PRADESH,06-16-22,20029.2
MADHYA PRADESH,06-17-22,16797.0
MADHYA PRADESH,06-18-22,11420.0
MADHYA PRADESH,06-19-22,15670.0
MADHYA PRADESH,06-20-22,12091.0
MADHYA PRADESH,06-21-22,17590.24
MADHYA PRADESH,06-22-22,16340.0
MADHYA PRADESH,06-23-22,13507.19
MADHYA PRADESH,06-24-22,12417.0
MADHYA PRADESH,06-25-22,10420.0
MADHYA PRADESH,06-26-22,7038.0
MADHYA PRADESH,06-27-22,7649.0
MADHYA PRADESH,06-28-22,8349.42
MADHYA PRADESH,06-29-22,6342.0
MAHARASHTRA,03-31-22,16367.0
MAHARASHTRA,04-01-22,132262.01
MAHARASHTRA,04-02-22,137508.35
MAHARASHTRA,04-03-22,168257.43
MAHARASHTRA,04-04-22,152865.04
MAHARASHTRA,04-05-22,153421.24
MAHARASHTRA,04-06-22,147125.19
MAHARASHTRA,04-07-22,171781.41
MAHARASHTRA,04-08-22,179872.16
MAHARASHTRA,04-09-22,184442.55
MAHARASHTRA,04-10-22,187828.95
MAHARASHTRA,04-11-22,166470.69
MAHARASHTRA,04-12-22,172868.9
MAHARASHTRA,04-13-22,158198.15
MAHARASHTRA,04-14-22,182412.85
MAHARASHTRA,04-15-22,179354.57
MAHARASHTRA,04-16-22,164757.48
MAHARASHTRA,04-17-22,180904.02
MAHARASHTRA,04-18-22,144884.49
MAHARASHTRA,04-19-22,146469.01
MAHARASHTRA,04-20-22,181154.24
MAHARASHTRA,04-21-22,158347.73
MAHARASHTRA,04-22-22,156411.83
MAHARASHTRA,04-23-22,200300.69
MAHARASHTRA,04-24-22,191995.05
MAHARASHTRA,04-25-22,153394.94
MAHARASHTRA,04-26-22,174420.91
MAHARASHTRA,04-27-22,135433.11
MAHARASHTRA,04-28-22,130447.05
MAHARASHTRA,04-29-22,158093.19
MAHARASHTRA,04-30-22,167858.62
MAHARASHTRA,05-01-22,218788.35
MAHARASHTRA,05-02-22,192691.49
MAHARASHTRA,05-03-22,211940.57
MAHARASHTRA,05-04-22,230991.66
MAHARASHTRA,05-05-22,159597.7
MAHARASHTRA,05-06-22,149180.07
MAHARASHTRA,05-07-22,149610.01
MAHARASHTRA,05-08-22,178462.34
MAHARASHTRA,05-09-22,138543.67
MAHARASHTRA,05-10-22,115276.19
MAHARASHTRA,05-11-22,108090.2
MAHARASHTRA,05-12-22,117836.68
MAHARASHTRA,05-13-22,120716.24
MAHARASHTRA,05-14-22,116137.67
MAHARASHTRA,05-15-22,145419.2
MAHARASHTRA,05-16-22,133399.66
MAHARASHTRA,05-17-22,118456.48
MAHARASHTRA,05-18-22,139601.11
MAHARASHTRA,05-19-22,131648.64
MAHARASHTRA,05-20-22,104529.35
MAHARASHTRA,05-21-22,114916.81
MAHARASHTRA,05-22-22,142346.43
MAHARASHTRA,05-23-22,152294.76
MAHARASHTRA,05-24-22,131870.16
MAHARASHTRA,05-25-22,138457.14
MAHARASHTRA,05-26-22,131025.48
MAHARASHTRA,05-27-22,127321.0
MAHARASHTRA,05-28-22,137958.44
MAHARASHTRA,05-29-22,145286.77
MAHARASHTRA,05-30-22,145600.34
MAHARASHTRA,05-31-22,166977.29
MAHARASHTRA,06-01-22,153972.58
MAHARASHTRA,06-02-22,160709.43
MAHARASHTRA,06-03-22,103610.1
MAHARASHTRA,06-04-22,165718.9
MAHARASHTRA,06-05-22,153111.6
MAHARASHTRA,06-06-22,161589.39
MAHARASHTRA,06-07-22,151424.91
MAHARASHTRA,06-08-22,160570.48
MAHARASHTRA,06-09-22,176464.67
MAHARASHTRA,06-10-22,135908.81
MAHARASHTRA,06-11-22,154077.48
MAHARASHTRA,06-12-22,167232.48
MAHARASHTRA,06-13-22,140842.24
MAHARASHTRA,06-14-22,117111.86
MAHARASHTRA,06-15-22,119324.21
MAHARASHTRA,06-16-22,142853.4
MAHARASHTRA,06-17-22,114858.59
MAHARASHTRA,06-18-22,131478.45
MAHARASHTRA,06-19-22,142153.69
MAHARASHTRA,06-20-22,144697.47
MAHARASHTRA,06-21-22,125837.32
MAHARASHTRA,06-22-22,132331.52
MAHARASHTRA,06-23-22,94185.58
MAHARASHTRA,06-24-22,90903.0
MAHARASHTRA,06-25-22,107920.76
MAHARASHTRA,06-26-22,135411.98
MAHARASHTRA,06-27-22,120220.25
MAHARASHTRA,06-28-22,102531.24
MAHARASHTRA,06-29-22,77601.0
MANIPUR,04-01-22,2598.0
MANIPUR,04-02-22,4068.0
MANIPUR,04-03-22,1871.0
MANIPUR,04-04-22,1989.0
MANIPUR,04-05-22,4895.0
MANIPUR,04-06-22,3279.0
MANIPUR,04-08-22,5812.0
MANIPUR,04-09-22,1149.0
MANIPUR,04-10-22,4009.0
MANIPUR,04-11-22,2964.0
MANIPUR,04-12-22,5543.33
MANIPUR,04-13-22,1950.0
MANIPUR,04-14-22,1687.0
MANIPUR,04-15-22,2877.0
MANIPUR,04-16-22,3286.0
MANIPUR,04-17-22,2559.0
MANIPUR,04-18-22,2154.0
MANIPUR,04-19-22,3213.0
MANIPUR,04-20-22,1660.0
MANIPUR,04-21-22,4230.57
MANIPUR,04-22-22,487.0
MANIPUR,04-23-22,2716.0
MANIPUR,04-24-22,7623.0
MANIPUR,04-25-22,1430.0
MANIPUR,04-26-22,3027.76
MANIPUR,04-27-22,2109.0
MANIPUR,04-28-22,3099.0
MANIPUR,04-29-22,1813.0
MANIPUR,04-30-22,4174.0
MANIPUR,05-01-22,3298.0
MANIPUR,05-02-22,2284.0
MANIPUR,05-03-22,2494.0
MANIPUR,05-04-22,3409.0
MANIPUR,05-05-22,1033.0
MANIPUR,05-06-22,2962.0
MANIPUR,05-07-22,1968.0
MANIPUR,05-08-22,742.0
MANIPUR,05-09-22,3169.0
MANIPUR,05-10-22,1150.0
MANIPUR,05-11-22,3256.0
MANIPUR,05-12-22,5234.0
MANIPUR,05-13-22,1902.0
MANIPUR,05-14-22,574.0
MANIPUR,05-16-22,3150.0
MANIPUR,05-17-22,7275.95
MANIPUR,05-19-22,2914.0
MANIPUR,05-20-22,4618.0
MANIPUR,05-21-22,2811.0
MANIPUR,05-22-22,7649.0
MANIPUR,05-23-22,1426.0
MANIPUR,05-24-22,1072.0
MANIPUR,05-25-22,4942.0
MANIPUR,05-27-22,1412.0
MANIPUR,05-28-22,2642.0
MANIPUR,05-29-22,2401.38
MANIPUR,05-30-22,1627.0
MANIPUR,05-31-22,1310.0
MANIPUR,06-01-22,599.0
MANIPUR,06-02-22,1186.0
MANIPUR,06-04-22,1161.0
MANIPUR,06-05-22,2801.0
MANIPUR,06-06-22,3168.0
MANIPUR,06-07-22,2244.0
MANIPUR,06-08-22,3562.0
MANIPUR,06-09-22,1171.0
MANIPUR,06-10-22,1464.0
MANIPUR,06-11-22,1122.0
MANIPUR,06-12-22,3186.0
MANIPUR,06-14-22,2859.0
MANIPUR,06-15-22,0.0
MANIPUR,06-16-22,399.0
MANIPUR,06-17-22,1479.0
MANIPUR,06-18-22,349.0
MANIPUR,06-19-22,2305.0
MANIPUR,06-21-22,3076.0
MANIPUR,06-22-22,812.0
MANIPUR,06-23-22,1829.0
MANIPUR,06-24-22,2892.0
MANIPUR,06-25-22,1807.0
MANIPUR,06-26-22,1399.0
MANIPUR,06-27-22,1316.0
MANIPUR,06-28-22,2167.0
MEGHALAYA,04-01-22,2697.0
MEGHALAYA,04-02-22,3911.0
MEGHALAYA,04-03-22,863.0
MEGHALAYA,04-04-22,499.0
MEGHALAYA,04-05-22,775.0
MEGHALAYA,04-07-22,1148.0
MEGHALAYA,04-08-22,1341.0
MEGHALAYA,04-09-22,1254.0
MEGHALAYA,04-10-22,715.0
MEGHALAYA,04-11-22,982.0
MEGHALAYA,04-12-22,2548.57
MEGHALAYA,04-13-22,517.0
MEGHALAYA,04-14-22,3178.05
MEGHALAYA,04-15-22,1526.0
MEGHALAYA,04-18-22,1644.0
MEGHALAYA,04-19-22,6378.0
MEGHALAYA,04-20-22,2304.0
MEGHALAYA,04-21-22,1229.0
MEGHALAYA,04-22-22,2879.0
MEGHALAYA,04-23-22,1505.0
MEGHALAYA,04-25-22,666.0
MEGHALAYA,04-26-22,2242.0
MEGHALAYA,04-27-22,4149.0
MEGHALAYA,04-29-22,487.0
MEGHALAYA,04-30-22,1900.0
MEGHALAYA,05-02-22,2747.0
MEGHALAYA,05-03-22,798.0
MEGHALAYA,05-04-22,1344.0
MEGHALAYA,05-05-22,1920.0
MEGHALAYA,05-06-22,1125.0
MEGHALAYA,05-08-22,338.0
MEGHALAYA,05-09-22,1431.0
MEGHALAYA,05-11-22,545.0
MEGHALAYA,05-12-22,599.0
MEGHALAYA,05-13-22,771.0
MEGHALAYA,05-14-22,741.0
MEGHALAYA,05-15-22,3026.46
MEGHALAYA,05-16-22,848.0
MEGHALAYA,05-17-22,2304.0
MEGHALAYA,05-19-22,885.0
MEGHALAYA,05-20-22,2017.0
MEGHALAYA,05-22-22,1290.0
MEGHALAYA,05-23-22,1499.67
MEGHALAYA,05-24-22,1937.0
MEGHALAYA,05-25-22,666.0
MEGHALAYA,05-26-22,1170.0
MEGHALAYA,05-27-22,1774.0
MEGHALAYA,05-28-22,1785.0
MEGHALAYA,05-29-22,544.0
MEGHALAYA,05-30-22,791.0
MEGHALAYA,05-31-22,761.0
MEGHALAYA,06-01-22,771.0
MEGHALAYA,06-02-22,2358.0
MEGHALAYA,06-05-22,486.0
MEGHALAYA,06-06-22,1954.0
MEGHALAYA,06-07-22,1049.0
MEGHALAYA,06-08-22,650.0
MEGHALAYA,06-09-22,1205.0
MEGHALAYA,06-10-22,1886.0
MEGHALAYA,06-11-22,1435.0
MEGHALAYA,06-12-22,735.0
MEGHALAYA,06-13-22,4204.0
MEGHALAYA,06-14-22,874.0
MEGHALAYA,06-15-22,1299.0
MEGHALAYA,06-16-22,5228.0
MEGHALAYA,06-17-22,735.0
MEGHALAYA,06-18-22,529.0
MEGHALAYA,06-19-22,301.0
MEGHALAYA,06-20-22,3822.43
MEGHALAYA,06-21-22,2003.4299999999998
MEGHALAYA,06-22-22,735.0
MEGHALAYA,06-23-22,1034.0
MEGHALAYA,06-24-22,486.0
MEGHALAYA,06-25-22,573.0
MEGHALAYA,06-27-22,734.29
MEGHALAYA,06-29-22,2868.0
MIZORAM,04-02-22,627.0
MIZORAM,04-03-22,1141.0
MIZORAM,04-08-22,1350.0
MIZORAM,04-11-22,380.0
MIZORAM,04-12-22,792.0
MIZORAM,04-13-22,487.0
MIZORAM,04-14-22,487.0
MIZORAM,04-17-22,744.0
MIZORAM,04-18-22,0.0
MIZORAM,04-21-22,458.0
MIZORAM,04-22-22,635.0
MIZORAM,04-23-22,599.0
MIZORAM,04-24-22,518.0
MIZORAM,04-25-22,0.0
MIZORAM,04-26-22,3510.0
MIZORAM,04-27-22,1013.0
MIZORAM,05-01-22,599.0
MIZORAM,05-02-22,1115.0
MIZORAM,05-03-22,1137.0
MIZORAM,05-07-22,584.0
MIZORAM,05-08-22,738.0
MIZORAM,05-09-22,487.0
MIZORAM,05-11-22,493.0
MIZORAM,05-12-22,318.0
MIZORAM,05-14-22,1391.0
MIZORAM,05-15-22,999.0
MIZORAM,05-16-22,545.0
MIZORAM,05-18-22,599.0
MIZORAM,05-19-22,354.0
MIZORAM,05-20-22,1036.0
MIZORAM,05-30-22,1386.0
MIZORAM,06-02-22,660.1
MIZORAM,06-06-22,435.0
MIZORAM,06-07-22,569.0
MIZORAM,06-08-22,1833.0
MIZORAM,06-09-22,349.0
MIZORAM,06-10-22,3416.71
MIZORAM,06-11-22,1421.0
MIZORAM,06-14-22,1257.0
MIZORAM,06-17-22,541.9
MIZORAM,06-19-22,1028.0
MIZORAM,06-21-22,786.0
MIZORAM,06-23-22,1271.0
MIZORAM,06-24-22,871.0
MIZORAM,06-25-22,518.0
MIZORAM,06-28-22,1735.0
Manipur,04-11-22,339.0
Manipur,04-17-22,999.0
Manipur,04-19-22,518.0
Manipur,04-29-22,339.0
Manipur,06-24-22,436.0
Meghalaya,06-02-22,921.9100000000001
Mizoram,06-23-22,735.0
NAGALAND,04-01-22,1896.0
NAGALAND,04-02-22,1396.0
NAGALAND,04-03-22,1178.0
NAGALAND,04-04-22,2111.0
NAGALAND,04-06-22,1377.0
NAGALAND,04-07-22,443.0
NAGALAND,04-08-22,1124.0
NAGALAND,04-09-22,563.0
NAGALAND,04-10-22,2163.0
NAGALAND,04-11-22,551.0
NAGALAND,04-14-22,1849.48
NAGALAND,04-15-22,2129.38
NAGALAND,04-16-22,475.0
NAGALAND,04-18-22,744.0
NAGALAND,04-19-22,454.29
NAGALAND,04-20-22,737.0
NAGALAND,04-21-22,1104.0
NAGALAND,04-22-22,696.0
NAGALAND,04-24-22,2627.0
NAGALAND,04-25-22,563.0
NAGALAND,04-26-22,1173.0
NAGALAND,04-27-22,525.0
NAGALAND,04-28-22,2858.0
NAGALAND,04-29-22,563.0
NAGALAND,04-30-22,3403.0
NAGALAND,05-03-22,1600.0
NAGALAND,05-04-22,1403.0
NAGALAND,05-05-22,762.0
NAGALAND,05-06-22,1115.0
NAGALAND,05-07-22,1906.0
NAGALAND,05-08-22,461.0
NAGALAND,05-09-22,9990.0
NAGALAND,05-10-22,1461.0
NAGALAND,05-11-22,633.0
NAGALAND,05-12-22,574.0
NAGALAND,05-13-22,1886.0
NAGALAND,05-14-22,2076.0
NAGALAND,05-15-22,2922.0
NAGALAND,05-16-22,9991.0
NAGALAND,05-20-22,487.0
NAGALAND,05-22-22,2494.0
NAGALAND,05-23-22,1264.0
NAGALAND,05-24-22,1199.0
NAGALAND,05-25-22,1644.0
NAGALAND,05-26-22,1475.71
NAGALAND,05-27-22,1681.0
NAGALAND,05-29-22,824.0
NAGALAND,05-30-22,1328.0
NAGALAND,05-31-22,2571.0
NAGALAND,06-02-22,1415.0
NAGALAND,06-03-22,1174.0
NAGALAND,06-04-22,464.0
NAGALAND,06-05-22,3029.0
NAGALAND,06-06-22,3937.0
NAGALAND,06-08-22,1324.0
NAGALAND,06-09-22,484.0
NAGALAND,06-12-22,799.0
NAGALAND,06-13-22,1454.1
NAGALAND,06-14-22,7952.0
NAGALAND,06-15-22,2151.0
NAGALAND,06-16-22,15803.52
NAGALAND,06-17-22,1620.19
NAGALAND,06-18-22,939.0
NAGALAND,06-19-22,933.0
NAGALAND,06-20-22,3341.0
NAGALAND,06-21-22,1662.0
NAGALAND,06-22-22,1440.0
NAGALAND,06-23-22,5833.0
NAGALAND,06-24-22,725.0
NAGALAND,06-27-22,735.0
NAGALAND,06-28-22,1024.0
NAGALAND,06-29-22,741.0
NL,04-28-22,518.0
NL,06-26-22,443.0
Nagaland,05-08-22,664.0
New Delhi,04-02-22,495.0
New Delhi,04-03-22,1782.95
New Delhi,04-05-22,3192.05
New Delhi,04-06-22,1464.0
New Delhi,04-12-22,583.0
New Delhi,04-14-22,807.0
New Delhi,04-15-22,518.0
New Delhi,04-16-22,1115.0
New Delhi,04-17-22,1306.0
New Delhi,04-18-22,798.0
New Delhi,04-20-22,2067.0
New Delhi,04-21-22,1618.0
New Delhi,04-24-22,1149.0
New Delhi,04-25-22,5165.0
New Delhi,04-27-22,1338.0
New Delhi,05-02-22,2032.0
New Delhi,05-03-22,894.0
New Delhi,05-04-22,368.0
New Delhi,05-06-22,422.0
New Delhi,05-08-22,1442.0
New Delhi,05-14-22,487.0
New Delhi,05-15-22,346.0
New Delhi,05-16-22,1057.95
New Delhi,05-17-22,960.0
New Delhi,05-20-22,1124.0
New Delhi,05-24-22,1385.0
New Delhi,05-26-22,475.0
New Delhi,05-27-22,740.0
New Delhi,05-28-22,653.0
New Delhi,05-30-22,771.0
New Delhi,06-02-22,2223.0
New Delhi,06-03-22,1665.0
New Delhi,06-04-22,845.0
New Delhi,06-05-22,1168.0
New Delhi,06-06-22,899.0
New Delhi,06-08-22,758.0
New Delhi,06-10-22,416.0
New Delhi,06-11-22,521.0
New Delhi,06-12-22,648.0
New Delhi,06-15-22,335.0
New Delhi,06-17-22,565.0
New Delhi,06-20-22,512.0
New Delhi,06-25-22,0.0
ODISHA,03-31-22,3073.0
ODISHA,04-01-22,18674.0
ODISHA,04-02-22,21462.0
ODISHA,04-03-22,21174.0
ODISHA,04-04-22,13200.0
ODISHA,04-05-22,15580.0
ODISHA,04-06-22,10288.0
ODISHA,04-07-22,12053.06
ODISHA,04-08-22,13989.0
ODISHA,04-09-22,13670.24
ODISHA,04-10-22,12428.49
ODISHA,04-11-22,19850.0
ODISHA,04-12-22,17627.24
ODISHA,04-13-22,16639.62
ODISHA,04-14-22,21729.48
ODISHA,04-15-22,14746.48
ODISHA,04-16-22,12440.36
ODISHA,04-17-22,21972.0
ODISHA,04-18-22,11303.0
ODISHA,04-19-22,25554.52
ODISHA,04-20-22,17198.45
ODISHA,04-21-22,23741.53
ODISHA,04-22-22,22519.67
ODISHA,04-23-22,21232.14
ODISHA,04-24-22,11606.380000000001
ODISHA,04-25-22,22937.86
ODISHA,04-26-22,21626.85
ODISHA,04-27-22,16827.86
ODISHA,04-28-22,11935.0
ODISHA,04-29-22,15721.0
ODISHA,04-30-22,19685.0
ODISHA,05-01-22,14082.95
ODISHA,05-02-22,24905.02
ODISHA,05-03-22,19623.53
ODISHA,05-04-22,14412.0
ODISHA,05-05-22,20906.16
ODISHA,05-06-22,19111.0
ODISHA,05-07-22,15610.0
ODISHA,05-08-22,9323.0
ODISHA,05-09-22,12268.0
ODISHA,05-10-22,14151.32
ODISHA,05-11-22,5326.0
ODISHA,05-12-22,7774.0
ODISHA,05-13-22,16050.43
ODISHA,05-14-22,10161.98
ODISHA,05-15-22,14632.0
ODISHA,05-16-22,12065.14
ODISHA,05-17-22,10262.0
ODISHA,05-18-22,11739.76
ODISHA,05-19-22,7879.38
ODISHA,05-20-22,11379.0
ODISHA,05-21-22,11636.29
ODISHA,05-22-22,14586.67
ODISHA,05-23-22,10874.0
ODISHA,05-24-22,12320.0
ODISHA,05-25-22,15429.44
ODISHA,05-26-22,16003.0
ODISHA,05-27-22,10271.0
ODISHA,05-28-22,7909.0
ODISHA,05-29-22,15243.0
ODISHA,05-30-22,6248.0
ODISHA,05-31-22,15574.0
ODISHA,06-01-22,8804.0
ODISHA,06-02-22,10873.0
ODISHA,06-03-22,14283.1
ODISHA,06-04-22,13492.0
ODISHA,06-05-22,18047.0
ODISHA,06-06-22,21611.01
ODISHA,06-07-22,28968.29
ODISHA,06-08-22,16341.0
ODISHA,06-09-22,24562.52
ODISHA,06-10-22,16722.0
ODISHA,06-11-22,14251.76
ODISHA,06-12-22,16333.43
ODISHA,06-13-22,13234.14
ODISHA,06-14-22,16398.0
ODISHA,06-15-22,9176.0
ODISHA,06-16-22,15588.0
ODISHA,06-17-22,9610.14
ODISHA,06-18-22,14823.0
ODISHA,06-19-22,11387.0
ODISHA,06-20-22,9715.9
ODISHA,06-21-22,21115.0
ODISHA,06-22-22,17306.09
ODISHA,06-23-22,12897.0
ODISHA,06-24-22,14338.0
ODISHA,06-25-22,16317.95
ODISHA,06-26-22,22748.0
ODISHA,06-27-22,8638.0
ODISHA,06-28-22,14329.0
ODISHA,06-29-22,10052.0
Odisha,04-02-22,589.0
Odisha,04-03-22,495.0
Odisha,04-10-22,2306.0
Odisha,04-18-22,399.0
Odisha,04-21-22,399.0
Odisha,04-23-22,921.9
Odisha,04-29-22,968.0
Odisha,05-02-22,0.0
Odisha,05-08-22,462.86
Odisha,05-09-22,382.0
Odisha,05-23-22,798.0
Odisha,05-24-22,798.0
Odisha,05-30-22,824.0
Odisha,06-10-22,1091.0
Odisha,06-13-22,1271.0
Odisha,06-22-22,725.0
Orissa,06-08-22,376.0
Orissa,06-12-22,764.0
PB,04-06-22,399.0
PUDUCHERRY,04-01-22,1856.0
PUDUCHERRY,04-02-22,1432.0
PUDUCHERRY,04-03-22,898.0
PUDUCHERRY,04-04-22,883.48
PUDUCHERRY,04-05-22,419.0
PUDUCHERRY,04-06-22,1104.0
PUDUCHERRY,04-07-22,1557.0
PUDUCHERRY,04-08-22,1981.0
PUDUCHERRY,04-10-22,2010.0
PUDUCHERRY,04-11-22,399.0
PUDUCHERRY,04-12-22,1145.0
PUDUCHERRY,04-13-22,3007.0
PUDUCHERRY,04-14-22,6980.71
PUDUCHERRY,04-15-22,2593.0
PUDUCHERRY,04-16-22,0.0
PUDUCHERRY,04-17-22,2522.0
PUDUCHERRY,04-18-22,2905.0
PUDUCHERRY,04-19-22,419.0
PUDUCHERRY,04-20-22,3599.0
PUDUCHERRY,04-21-22,755.3299999999999
PUDUCHERRY,04-22-22,1547.0
PUDUCHERRY,04-23-22,2385.0
PUDUCHERRY,04-24-22,1410.76
PUDUCHERRY,04-25-22,3528.05
PUDUCHERRY,04-26-22,1934.0
PUDUCHERRY,04-27-22,2649.0
PUDUCHERRY,04-28-22,2834.0
PUDUCHERRY,04-29-22,2955.0
PUDUCHERRY,04-30-22,4646.33
PUDUCHERRY,05-01-22,1505.0
PUDUCHERRY,05-02-22,2658.0
PUDUCHERRY,05-03-22,2996.0
PUDUCHERRY,05-04-22,3663.0
PUDUCHERRY,05-05-22,5660.48
PUDUCHERRY,05-06-22,904.0
PUDUCHERRY,05-07-22,2666.0
PUDUCHERRY,05-08-22,607.0
PUDUCHERRY,05-09-22,1233.0
PUDUCHERRY,05-10-22,2702.0
PUDUCHERRY,05-11-22,2744.0
PUDUCHERRY,05-12-22,2447.0
PUDUCHERRY,05-13-22,3072.0
PUDUCHERRY,05-14-22,487.0
PUDUCHERRY,05-15-22,3953.0
PUDUCHERRY,05-16-22,1287.0
PUDUCHERRY,05-17-22,825.0
PUDUCHERRY,05-18-22,1112.0
PUDUCHERRY,05-19-22,3356.0
PUDUCHERRY,05-20-22,2241.0
PUDUCHERRY,05-22-22,1971.0
PUDUCHERRY,05-23-22,690.0
PUDUCHERRY,05-24-22,2572.0
PUDUCHERRY,05-25-22,3524.0
PUDUCHERRY,05-26-22,3617.29
PUDUCHERRY,05-28-22,842.86
PUDUCHERRY,05-30-22,1034.0
PUDUCHERRY,06-01-22,1671.0
PUDUCHERRY,06-02-22,4525.0
PUDUCHERRY,06-03-22,2105.0
PUDUCHERRY,06-04-22,4875.0
PUDUCHERRY,06-05-22,2232.0
PUDUCHERRY,06-06-22,3034.0
PUDUCHERRY,06-08-22,5110.0
PUDUCHERRY,06-09-22,459.0
PUDUCHERRY,06-11-22,2013.0
PUDUCHERRY,06-12-22,3903.0
PUDUCHERRY,06-13-22,3136.0
PUDUCHERRY,06-14-22,1197.0
PUDUCHERRY,06-15-22,1298.0
PUDUCHERRY,06-16-22,7347.0
PUDUCHERRY,06-17-22,5117.0
PUDUCHERRY,06-18-22,1689.0
PUDUCHERRY,06-19-22,717.0
PUDUCHERRY,06-20-22,3058.38
PUDUCHERRY,06-21-22,3416.38
PUDUCHERRY,06-22-22,1379.19
PUDUCHERRY,06-23-22,696.0
PUDUCHERRY,06-24-22,0.0
PUDUCHERRY,06-25-22,1602.0
PUDUCHERRY,06-26-22,736.0
PUDUCHERRY,06-28-22,3386.0
PUDUCHERRY,06-29-22,6050.0
PUNJAB,04-01-22,10253.0
PUNJAB,04-02-22,16405.0
PUNJAB,04-03-22,12908.0
PUNJAB,04-04-22,10193.0
PUNJAB,04-05-22,15462.04
PUNJAB,04-06-22,18188.59
PUNJAB,04-07-22,10162.0
PUNJAB,04-08-22,9499.38
PUNJAB,04-09-22,12634.98
PUNJAB,04-10-22,10015.0
PUNJAB,04-11-22,22210.0
PUNJAB,04-12-22,7748.1900000000005
PUNJAB,04-13-22,19196.04
PUNJAB,04-14-22,15426.0
PUNJAB,04-15-22,20986.0
PUNJAB,04-16-22,20254.0
PUNJAB,04-17-22,17631.53
PUNJAB,04-18-22,19074.0
PUNJAB,04-19-22,10625.0
PUNJAB,04-20-22,19833.0
PUNJAB,04-21-22,11633.0
PUNJAB,04-22-22,19536.85
PUNJAB,04-23-22,22252.0
PUNJAB,04-24-22,18923.0
PUNJAB,04-25-22,16218.96
PUNJAB,04-26-22,19300.0
PUNJAB,04-27-22,13242.0
PUNJAB,04-28-22,13826.59
PUNJAB,04-29-22,11086.0
PUNJAB,04-30-22,9092.0
PUNJAB,05-01-22,19144.0
PUNJAB,05-02-22,11875.0
PUNJAB,05-03-22,14443.0
PUNJAB,05-04-22,17764.05
PUNJAB,05-05-22,17976.86
PUNJAB,05-06-22,19761.29
PUNJAB,05-07-22,18904.0
PUNJAB,05-08-22,13226.88
PUNJAB,05-09-22,13894.0
PUNJAB,05-10-22,15764.15
PUNJAB,05-11-22,8127.43
PUNJAB,05-12-22,8589.43
PUNJAB,05-13-22,8803.52
PUNJAB,05-14-22,7461.04
PUNJAB,05-15-22,14926.41
PUNJAB,05-16-22,12905.05
PUNJAB,05-17-22,12841.05
PUNJAB,05-18-22,12314.39
PUNJAB,05-19-22,21029.0
PUNJAB,05-20-22,7970.34
PUNJAB,05-21-22,11360.0
PUNJAB,05-22-22,9643.0
PUNJAB,05-23-22,9525.86
PUNJAB,05-24-22,8264.0
PUNJAB,05-25-22,14616.67
PUNJAB,05-26-22,12697.0
PUNJAB,05-27-22,17259.0
PUNJAB,05-28-22,6447.0
PUNJAB,05-29-22,13721.0
PUNJAB,05-30-22,12039.0
PUNJAB,05-31-22,11550.05
PUNJAB,06-01-22,8045.0
PUNJAB,06-02-22,5846.0
PUNJAB,06-03-22,12409.0
PUNJAB,06-04-22,12922.57
PUNJAB,06-05-22,13678.0
PUNJAB,06-06-22,14395.43
PUNJAB,06-07-22,16727.0
PUNJAB,06-08-22,12760.0
PUNJAB,06-09-22,13169.02
PUNJAB,06-10-22,10400.0
PUNJAB,06-11-22,9787.0
PUNJAB,06-12-22,17571.0
PUNJAB,06-13-22,16229.14
PUNJAB,06-14-22,17608.0
PUNJAB,06-15-22,9131.14
PUNJAB,06-16-22,10294.86
PUNJAB,06-17-22,12648.0
PUNJAB,06-18-22,10687.48
PUNJAB,06-19-22,5926.0
PUNJAB,06-20-22,6654.1
PUNJAB,06-21-22,14795.0
PUNJAB,06-22-22,11871.0
PUNJAB,06-23-22,7780.0
PUNJAB,06-24-22,6347.0
PUNJAB,06-25-22,15210.43
PUNJAB,06-26-22,11196.05
PUNJAB,06-27-22,7362.0
PUNJAB,06-28-22,6016.0
PUNJAB,06-29-22,3940.0
Pondicherry,05-23-22,529.0
Puducherry,04-23-22,568.0
Punjab,04-05-22,759.0
Punjab,04-07-22,1141.0
Punjab,04-10-22,499.0
Punjab,04-22-22,2195.0
Punjab,04-23-22,0.0
Punjab,04-24-22,523.0
Punjab,04-25-22,2435.0
Punjab,04-29-22,759.0
Punjab,05-01-22,319.0
Punjab,05-02-22,626.0
Punjab,05-03-22,0.0
Punjab,05-05-22,933.0
Punjab,05-07-22,0.0
Punjab,05-08-22,573.0
Punjab,05-11-22,599.0
Punjab,05-19-22,591.0
Punjab,05-25-22,1166.0
Punjab,05-27-22,885.0
Punjab,06-06-22,1584.0
Punjab,06-10-22,729.0
Punjab,06-14-22,735.0
Punjab,06-16-22,999.0
Punjab,06-18-22,0.0
Punjab,06-22-22,2326.0
Punjab,06-28-22,845.0
Punjab,06-29-22,792.0
Punjab/Mohali/Zirakpur,04-25-22,568.0
RAJASTHAN,03-31-22,1512.0
RAJASTHAN,04-01-22,22228.24
RAJASTHAN,04-02-22,20558.2
RAJASTHAN,04-03-22,15972.57
RAJASTHAN,04-04-22,15420.64
RAJASTHAN,04-05-22,17858.87
RAJASTHAN,04-06-22,14169.0
RAJASTHAN,04-07-22,12450.0
RAJASTHAN,04-08-22,19096.0
RAJASTHAN,04-09-22,18339.93
RAJASTHAN,04-10-22,31175.48
RAJASTHAN,04-11-22,25641.62
RAJASTHAN,04-12-22,18242.0
RAJASTHAN,04-13-22,18971.05
RAJASTHAN,04-14-22,26750.0
RAJASTHAN,04-15-22,22209.33
RAJASTHAN,04-16-22,29968.21
RAJASTHAN,04-17-22,31601.81
RAJASTHAN,04-18-22,18270.0
RAJASTHAN,04-19-22,27044.52
RAJASTHAN,04-20-22,36825.04
RAJASTHAN,04-21-22,12314.0
RAJASTHAN,04-22-22,17552.0
RAJASTHAN,04-23-22,24611.9
RAJASTHAN,04-24-22,25870.86
RAJASTHAN,04-25-22,16261.0
RAJASTHAN,04-26-22,12990.95
RAJASTHAN,04-27-22,29861.53
RAJASTHAN,04-28-22,24717.0
RAJASTHAN,04-29-22,13979.0
RAJASTHAN,04-30-22,19130.58
RAJASTHAN,05-01-22,19939.0
RAJASTHAN,05-02-22,30242.0
RAJASTHAN,05-03-22,31148.29
RAJASTHAN,05-04-22,28985.0
RAJASTHAN,05-05-22,30905.18
RAJASTHAN,05-06-22,29080.26
RAJASTHAN,05-07-22,20853.43
RAJASTHAN,05-08-22,13102.08
RAJASTHAN,05-09-22,14359.0
RAJASTHAN,05-10-22,13103.0
RAJASTHAN,05-11-22,16668.29
RAJASTHAN,05-12-22,17640.0
RAJASTHAN,05-13-22,16743.0
RAJASTHAN,05-14-22,11263.48
RAJASTHAN,05-15-22,26167.86
RAJASTHAN,05-16-22,16404.43
RAJASTHAN,05-17-22,15666.33
RAJASTHAN,05-18-22,19724.72
RAJASTHAN,05-19-22,18327.0
RAJASTHAN,05-20-22,15759.0
RAJASTHAN,05-21-22,20444.0
RAJASTHAN,05-22-22,17242.05
RAJASTHAN,05-23-22,17184.0
RAJASTHAN,05-24-22,17268.43
RAJASTHAN,05-25-22,22066.0
RAJASTHAN,05-26-22,9588.0
RAJASTHAN,05-27-22,14639.0
RAJASTHAN,05-28-22,12118.0
RAJASTHAN,05-29-22,22748.95
RAJASTHAN,05-30-22,10903.1
RAJASTHAN,05-31-22,19761.0
RAJASTHAN,06-01-22,11134.0
RAJASTHAN,06-02-22,17270.0
RAJASTHAN,06-03-22,19567.0
RAJASTHAN,06-04-22,15422.86
RAJASTHAN,06-05-22,18618.93
RAJASTHAN,06-06-22,16358.19
RAJASTHAN,06-07-22,24649.67
RAJASTHAN,06-08-22,21255.0
RAJASTHAN,06-09-22,15795.0
RAJASTHAN,06-10-22,26371.0
RAJASTHAN,06-11-22,26166.0
RAJASTHAN,06-12-22,15070.0
RAJASTHAN,06-13-22,17719.39
RAJASTHAN,06-14-22,16740.0
RAJASTHAN,06-15-22,17845.0
RAJASTHAN,06-16-22,10510.0
RAJASTHAN,06-17-22,15162.25
RAJASTHAN,06-18-22,16513.0
RAJASTHAN,06-19-22,19789.0
RAJASTHAN,06-20-22,20143.55
RAJASTHAN,06-21-22,16236.76
RAJASTHAN,06-22-22,25445.77
RAJASTHAN,06-23-22,16561.29
RAJASTHAN,06-24-22,10770.0
RAJASTHAN,06-25-22,12786.24
RAJASTHAN,06-26-22,10892.0
RAJASTHAN,06-27-22,14758.86
RAJASTHAN,06-28-22,14489.43
RAJASTHAN,06-29-22,1125.0
RJ,04-15-22,685.0
RJ,05-31-22,355.0
Rajasthan,04-01-22,495.0
Rajasthan,04-03-22,1798.0
Rajasthan,04-04-22,1627.0
Rajasthan,04-11-22,455.0
Rajasthan,04-13-22,2039.0
Rajasthan,04-14-22,1299.0
Rajasthan,04-15-22,551.0
Rajasthan,04-16-22,959.0
Rajasthan,04-18-22,1509.0
Rajasthan,04-23-22,1145.0
Rajasthan,04-24-22,399.0
Rajasthan,04-26-22,449.0
Rajasthan,05-01-22,399.0
Rajasthan,05-03-22,521.0
Rajasthan,05-04-22,922.0
Rajasthan,05-05-22,1305.4299999999998
Rajasthan,05-14-22,885.0
Rajasthan,05-17-22,399.0
Rajasthan,05-18-22,1213.0
Rajasthan,05-19-22,869.0
Rajasthan,05-21-22,1153.0
Rajasthan,05-27-22,3591.0
Rajasthan,05-28-22,1338.0
Rajasthan,05-29-22,1144.0
Rajasthan,05-30-22,825.0
Rajasthan,06-02-22,872.3299999999999
Rajasthan,06-03-22,573.0
Rajasthan,06-05-22,988.0
Rajasthan,06-06-22,2157.0
Rajasthan,06-07-22,693.0
Rajasthan,06-14-22,1475.0
Rajasthan,06-16-22,449.0
Rajasthan,06-17-22,828.0
Rajasthan,06-19-22,730.0
Rajasthan,06-21-22,1198.0
Rajshthan,04-29-22,1126.0
Rajsthan,06-05-22,443.0
SIKKIM,04-01-22,3742.0
SIKKIM,04-02-22,698.0
SIKKIM,04-03-22,3414.95
SIKKIM,04-04-22,1413.0
SIKKIM,04-05-22,3700.0
SIKKIM,04-06-22,3387.0
SIKKIM,04-07-22,0.0
SIKKIM,04-09-22,1362.0
SIKKIM,04-10-22,549.0
SIKKIM,04-11-22,399.0
SIKKIM,04-12-22,1213.0
SIKKIM,04-13-22,1475.0
SIKKIM,04-14-22,1592.1399999999999
SIKKIM,04-16-22,887.3299999999999
SIKKIM,04-17-22,3198.0
SIKKIM,04-18-22,560.0
SIKKIM,04-19-22,1149.11
SIKKIM,04-20-22,4514.0
SIKKIM,04-21-22,3573.0
SIKKIM,04-22-22,1238.0
SIKKIM,04-23-22,2348.0
SIKKIM,04-24-22,1442.0
SIKKIM,04-25-22,5697.0
SIKKIM,04-28-22,1248.0
SIKKIM,04-29-22,352.0
SIKKIM,04-30-22,666.0
SIKKIM,05-02-22,3519.0
SIKKIM,05-03-22,1825.0
SIKKIM,05-04-22,3024.8900000000003
SIKKIM,05-05-22,4432.95
SIKKIM,05-06-22,2777.0
SIKKIM,05-07-22,2305.0
SIKKIM,05-09-22,545.0
SIKKIM,05-10-22,560.0
SIKKIM,05-12-22,2805.29
SIKKIM,05-13-22,4897.0
SIKKIM,05-14-22,2320.0
SIKKIM,05-15-22,1486.0
SIKKIM,05-16-22,2882.0
SIKKIM,05-17-22,641.0
SIKKIM,05-20-22,771.0
SIKKIM,05-21-22,1898.0
SIKKIM,05-23-22,1520.0
SIKKIM,05-24-22,499.0
SIKKIM,05-26-22,999.0
SIKKIM,05-27-22,668.0
SIKKIM,05-28-22,1773.0
SIKKIM,05-30-22,771.0
SIKKIM,06-02-22,2309.0
SIKKIM,06-03-22,1951.0
SIKKIM,06-04-22,1562.0
SIKKIM,06-05-22,5925.0
SIKKIM,06-06-22,2338.0
SIKKIM,06-07-22,1623.0
SIKKIM,06-08-22,6198.0
SIKKIM,06-09-22,2323.0
SIKKIM,06-10-22,5683.0
SIKKIM,06-11-22,754.0
SIKKIM,06-15-22,2077.0
SIKKIM,06-17-22,999.0
SIKKIM,06-18-22,0.0
SIKKIM,06-19-22,1460.0
SIKKIM,06-21-22,1320.0
SIKKIM,06-22-22,2005.0
SIKKIM,06-23-22,2114.0
SIKKIM,06-24-22,735.0
SIKKIM,06-25-22,1018.0
SIKKIM,06-27-22,962.0
SIKKIM,06-28-22,635.0
SIKKIM,06-29-22,1398.0
Sikkim,05-17-22,1186.0
Sikkim,06-09-22,735.0
Sikkim,06-24-22,782.0
TAMIL NADU,03-31-22,8565.95
TAMIL NADU,04-01-22,75600.56
TAMIL NADU,04-02-22,82413.0
TAMIL NADU,04-03-22,90880.43
TAMIL NADU,04-04-22,69051.91
TAMIL NADU,04-05-22,61285.71
TAMIL NADU,04-06-22,58369.99
TAMIL NADU,04-07-22,67410.14
TAMIL NADU,04-08-22,66918.52
TAMIL NADU,04-09-22,79324.47
TAMIL NADU,04-10-22,73654.91
TAMIL NADU,04-11-22,74413.0
TAMIL NADU,04-12-22,69814.19
TAMIL NADU,04-13-22,57884.0
TAMIL NADU,04-14-22,78258.67
TAMIL NADU,04-15-22,83476.91
TAMIL NADU,04-16-22,71237.81
TAMIL NADU,04-17-22,69744.57
TAMIL NADU,04-18-22,66611.95
TAMIL NADU,04-19-22,80085.87
TAMIL NADU,04-20-22,77322.66
TAMIL NADU,04-21-22,76033.09
TAMIL NADU,04-22-22,50284.95
TAMIL NADU,04-23-22,69438.85
TAMIL NADU,04-24-22,73999.95
TAMIL NADU,04-25-22,84426.2
TAMIL NADU,04-26-22,78002.9
TAMIL NADU,04-27-22,76787.81
TAMIL NADU,04-28-22,55139.76
TAMIL NADU,04-29-22,65551.48
TAMIL NADU,04-30-22,68796.38
TAMIL NADU,05-01-22,91668.52
TAMIL NADU,05-02-22,94631.27
TAMIL NADU,05-03-22,105836.35
TAMIL NADU,05-04-22,85155.83
TAMIL NADU,05-05-22,66131.49
TAMIL NADU,05-06-22,53420.2
TAMIL NADU,05-07-22,64680.05
TAMIL NADU,05-08-22,59265.24
TAMIL NADU,05-09-22,92324.49
TAMIL NADU,05-10-22,77833.69
TAMIL NADU,05-11-22,83915.67
TAMIL NADU,05-12-22,58426.67
TAMIL NADU,05-13-22,54437.38
TAMIL NADU,05-14-22,80393.36
TAMIL NADU,05-15-22,76533.8
TAMIL NADU,05-16-22,72024.25
TAMIL NADU,05-17-22,68924.15
TAMIL NADU,05-18-22,67629.44
TAMIL NADU,05-19-22,63999.24
TAMIL NADU,05-20-22,66197.03
TAMIL NADU,05-21-22,50283.24
TAMIL NADU,05-22-22,62137.98
TAMIL NADU,05-23-22,67372.82
TAMIL NADU,05-24-22,59512.75
TAMIL NADU,05-25-22,62342.1
TAMIL NADU,05-26-22,83631.47
TAMIL NADU,05-27-22,66948.0
TAMIL NADU,05-28-22,91167.42
TAMIL NADU,05-29-22,78473.43
TAMIL NADU,05-30-22,79879.57
TAMIL NADU,05-31-22,112220.45
TAMIL NADU,06-01-22,77228.1
TAMIL NADU,06-02-22,71950.14
TAMIL NADU,06-03-22,79766.38
TAMIL NADU,06-04-22,94563.62
TAMIL NADU,06-05-22,95493.24
TAMIL NADU,06-06-22,105126.86
TAMIL NADU,06-07-22,94517.56
TAMIL NADU,06-08-22,74556.33
TAMIL NADU,06-09-22,69167.76
TAMIL NADU,06-10-22,61590.33
TAMIL NADU,06-11-22,73514.43
TAMIL NADU,06-12-22,87983.9
TAMIL NADU,06-13-22,67359.57
TAMIL NADU,06-14-22,90020.86
TAMIL NADU,06-15-22,55080.59
TAMIL NADU,06-16-22,66466.61
TAMIL NADU,06-17-22,68915.42
TAMIL NADU,06-18-22,63447.23
TAMIL NADU,06-19-22,60667.65
TAMIL NADU,06-20-22,65366.06
TAMIL NADU,06-21-22,69198.67
TAMIL NADU,06-22-22,59765.25
TAMIL NADU,06-23-22,57565.64
TAMIL NADU,06-24-22,50588.3
TAMIL NADU,06-25-22,51656.0
TAMIL NADU,06-26-22,76247.15
TAMIL NADU,06-27-22,55165.23
TAMIL NADU,06-28-22,73168.29
TAMIL NADU,06-29-22,41329.0
TELANGANA,03-31-22,4080.0
TELANGANA,04-01-22,60189.85
TELANGANA,04-02-22,60419.71
TELANGANA,04-03-22,59515.67
TELANGANA,04-04-22,63816.05
TELANGANA,04-05-22,78694.24
TELANGANA,04-06-22,59962.29
TELANGANA,04-07-22,77732.41
TELANGANA,04-08-22,82822.68
TELANGANA,04-09-22,78157.05
TELANGANA,04-10-22,85262.49
TELANGANA,04-11-22,69647.58
TELANGANA,04-12-22,65316.59
TELANGANA,04-13-22,92782.32
TELANGANA,04-14-22,77112.38
TELANGANA,04-15-22,81039.54
TELANGANA,04-16-22,83909.69
TELANGANA,04-17-22,65939.52
TELANGANA,04-18-22,71172.96
TELANGANA,04-19-22,75539.33
TELANGANA,04-20-22,91713.59
TELANGANA,04-21-22,96111.96
TELANGANA,04-22-22,85052.76
TELANGANA,04-23-22,93554.43
TELANGANA,04-24-22,79037.41
TELANGANA,04-25-22,83055.2
TELANGANA,04-26-22,72281.86
TELANGANA,04-27-22,72800.14
TELANGANA,04-28-22,68450.79
TELANGANA,04-29-22,66681.53
TELANGANA,04-30-22,95124.47
TELANGANA,05-01-22,99068.97
TELANGANA,05-02-22,89360.9
TELANGANA,05-03-22,109779.37
TELANGANA,05-04-22,97931.86
TELANGANA,05-05-22,78251.47
TELANGANA,05-06-22,85948.25
TELANGANA,05-07-22,80495.0
TELANGANA,05-08-22,73256.65
TELANGANA,05-09-22,64132.39
TELANGANA,05-10-22,55444.92
TELANGANA,05-11-22,59652.53
TELANGANA,05-12-22,58172.81
TELANGANA,05-13-22,67082.38
TELANGANA,05-14-22,67246.23
TELANGANA,05-15-22,78965.16
TELANGANA,05-16-22,61583.86
TELANGANA,05-17-22,60760.14
TELANGANA,05-18-22,77620.56
TELANGANA,05-19-22,80035.03
TELANGANA,05-20-22,65393.08
TELANGANA,05-21-22,60725.44
TELANGANA,05-22-22,74992.96
TELANGANA,05-23-22,79561.72
TELANGANA,05-24-22,86139.77
TELANGANA,05-25-22,88130.72
TELANGANA,05-26-22,70480.57
TELANGANA,05-27-22,68659.63
TELANGANA,05-28-22,70404.29
TELANGANA,05-29-22,70088.41
TELANGANA,05-30-22,94555.87
TELANGANA,05-31-22,93748.06
TELANGANA,06-01-22,91543.71
TELANGANA,06-02-22,83425.96
TELANGANA,06-03-22,71226.43
TELANGANA,06-04-22,87328.0
TELANGANA,06-05-22,76587.43
TELANGANA,06-06-22,85440.8
TELANGANA,06-07-22,99786.34
TELANGANA,06-08-22,88892.06
TELANGANA,06-09-22,106644.25
TELANGANA,06-10-22,86495.26
TELANGANA,06-11-22,80250.56
TELANGANA,06-12-22,87364.29
TELANGANA,06-13-22,88878.96
TELANGANA,06-14-22,83221.29
TELANGANA,06-15-22,82939.57
TELANGANA,06-16-22,66447.67
TELANGANA,06-17-22,62717.57
TELANGANA,06-18-22,65447.6
TELANGANA,06-19-22,52863.91
TELANGANA,06-20-22,74151.39
TELANGANA,06-21-22,80387.2
TELANGANA,06-22-22,76624.75
TELANGANA,06-23-22,62339.28
TELANGANA,06-24-22,66257.42
TELANGANA,06-25-22,64153.38
TELANGANA,06-26-22,70874.67
TELANGANA,06-27-22,84630.39
TELANGANA,06-28-22,91458.02
TELANGANA,06-29-22,33592.0
TRIPURA,03-31-22,688.0
TRIPURA,04-01-22,3130.24
TRIPURA,04-02-22,299.0
TRIPURA,04-03-22,1112.0
TRIPURA,04-04-22,3341.0
TRIPURA,04-05-22,690.0
TRIPURA,04-06-22,2674.0
TRIPURA,04-07-22,1810.0
TRIPURA,04-08-22,1762.0
TRIPURA,04-09-22,1065.0
TRIPURA,04-11-22,1945.0
TRIPURA,04-12-22,1612.0
TRIPURA,04-13-22,2286.0
TRIPURA,04-14-22,1873.0
TRIPURA,04-16-22,1948.0
TRIPURA,04-17-22,1511.0
TRIPURA,04-18-22,1526.0
TRIPURA,04-20-22,562.0
TRIPURA,04-21-22,0.0
TRIPURA,04-23-22,0.0
TRIPURA,04-24-22,771.0
TRIPURA,04-25-22,941.0
TRIPURA,04-27-22,2591.0
TRIPURA,04-29-22,2894.0
TRIPURA,04-30-22,3092.0
TRIPURA,05-02-22,399.0
TRIPURA,05-03-22,2111.0
TRIPURA,05-04-22,999.0
TRIPURA,05-05-22,859.0
TRIPURA,05-06-22,927.0
TRIPURA,05-09-22,696.0
TRIPURA,05-10-22,545.0
TRIPURA,05-11-22,1892.0
TRIPURA,05-14-22,1034.0
TRIPURA,05-15-22,574.0
TRIPURA,05-16-22,811.0
TRIPURA,05-18-22,878.0
TRIPURA,05-19-22,574.0
TRIPURA,05-20-22,771.0
TRIPURA,05-21-22,700.95
TRIPURA,05-22-22,1223.0
TRIPURA,05-23-22,1186.0
TRIPURA,05-24-22,380.0
TRIPURA,05-25-22,345.0
TRIPURA,05-26-22,1412.0
TRIPURA,05-27-22,1609.0
TRIPURA,05-28-22,1932.0
TRIPURA,05-31-22,2970.14
TRIPURA,06-01-22,2276.0
TRIPURA,06-02-22,1762.0
TRIPURA,06-03-22,1442.0
TRIPURA,06-06-22,416.0
TRIPURA,06-07-22,709.0
TRIPURA,06-08-22,5012.07
TRIPURA,06-09-22,431.0
TRIPURA,06-10-22,399.0
TRIPURA,06-11-22,1694.0
TRIPURA,06-12-22,735.0
TRIPURA,06-13-22,663.0
TRIPURA,06-14-22,2075.0
TRIPURA,06-15-22,1044.0
TRIPURA,06-18-22,735.0
TRIPURA,06-19-22,1798.0
TRIPURA,06-20-22,471.0
TRIPURA,06-24-22,881.0
TRIPURA,06-25-22,422.0
TRIPURA,06-27-22,2162.0
TRIPURA,06-28-22,645.0
TRIPURA,06-29-22,1825.0
UTTAR PRADESH,03-31-22,10979.0
UTTAR PRADESH,04-01-22,51670.72
UTTAR PRADESH,04-02-22,78330.06
UTTAR PRADESH,04-03-22,102237.21
UTTAR PRADESH,04-04-22,87340.85
UTTAR PRADESH,04-05-22,82142.61
UTTAR PRADESH,04-06-22,81936.29
UTTAR PRADESH,04-07-22,79908.62
UTTAR PRADESH,04-08-22,96489.55
UTTAR PRADESH,04-09-22,85718.68
UTTAR PRADESH,04-10-22,121133.54
UTTAR PRADESH,04-11-22,81964.87
UTTAR PRADESH,04-12-22,77135.89
UTTAR PRADESH,04-13-22,75816.58
UTTAR PRADESH,04-14-22,108656.67
UTTAR PRADESH,04-15-22,80484.81
UTTAR PRADESH,04-16-22,99345.49
UTTAR PRADESH,04-17-22,74470.86
UTTAR PRADESH,04-18-22,76727.82
UTTAR PRADESH,04-19-22,81849.52
UTTAR PRADESH,04-20-22,107566.01
UTTAR PRADESH,04-21-22,79437.86
UTTAR PRADESH,04-22-22,97693.73
UTTAR PRADESH,04-23-22,93236.34
UTTAR PRADESH,04-24-22,105161.28
UTTAR PRADESH,04-25-22,94389.82
UTTAR PRADESH,04-26-22,73425.83
UTTAR PRADESH,04-27-22,77807.12
UTTAR PRADESH,04-28-22,84481.19
UTTAR PRADESH,04-29-22,64958.67
UTTAR PRADESH,04-30-22,86102.62
UTTAR PRADESH,05-01-22,89536.43
UTTAR PRADESH,05-02-22,106759.08
UTTAR PRADESH,05-03-22,100692.66
UTTAR PRADESH,05-04-22,121344.76
UTTAR PRADESH,05-05-22,72978.81
UTTAR PRADESH,05-06-22,83428.0
UTTAR PRADESH,05-07-22,80274.29
UTTAR PRADESH,05-08-22,110027.2
UTTAR PRADESH,05-09-22,74291.52
UTTAR PRADESH,05-10-22,72369.33
UTTAR PRADESH,05-11-22,64751.96
UTTAR PRADESH,05-12-22,73393.39
UTTAR PRADESH,05-13-22,65674.16
UTTAR PRADESH,05-14-22,85273.54
UTTAR PRADESH,05-15-22,78938.14
UTTAR PRADESH,05-16-22,58578.12
UTTAR PRADESH,05-17-22,65328.77
UTTAR PRADESH,05-18-22,72068.28
UTTAR PRADESH,05-19-22,61273.85
UTTAR PRADESH,05-20-22,60115.49
UTTAR PRADESH,05-21-22,77477.9
UTTAR PRADESH,05-22-22,78228.57
UTTAR PRADESH,05-23-22,65220.49
UTTAR PRADESH,05-24-22,69868.0
UTTAR PRADESH,05-25-22,73243.47
UTTAR PRADESH,05-26-22,65385.0
UTTAR PRADESH,05-27-22,73091.81
UTTAR PRADESH,05-28-22,71178.0
UTTAR PRADESH,05-29-22,68703.58
UTTAR PRADESH,05-30-22,57537.96
UTTAR PRADESH,05-31-22,54087.72
UTTAR PRADESH,06-01-22,88375.83
UTTAR PRADESH,06-02-22,84031.8
UTTAR PRADESH,06-03-22,61273.52
UTTAR PRADESH,06-04-22,81274.33
UTTAR PRADESH,06-05-22,76977.86
UTTAR PRADESH,06-06-22,71045.91
UTTAR PRADESH,06-07-22,81297.74
UTTAR PRADESH,06-08-22,90514.54
UTTAR PRADESH,06-09-22,79125.53
UTTAR PRADESH,06-10-22,60174.0
UTTAR PRADESH,06-11-22,62795.91
UTTAR PRADESH,06-12-22,67393.44
UTTAR PRADESH,06-13-22,55261.13
UTTAR PRADESH,06-14-22,73998.7
UTTAR PRADESH,06-15-22,62751.02
UTTAR PRADESH,06-16-22,46698.42
UTTAR PRADESH,06-17-22,72696.77
UTTAR PRADESH,06-18-22,60166.3
UTTAR PRADESH,06-19-22,75800.54
UTTAR PRADESH,06-20-22,48308.48
UTTAR PRADESH,06-21-22,50856.35
UTTAR PRADESH,06-22-22,58066.05
UTTAR PRADESH,06-23-22,56179.76
UTTAR PRADESH,06-24-22,55341.19
UTTAR PRADESH,06-25-22,52244.5
UTTAR PRADESH,06-26-22,53389.57
UTTAR PRADESH,06-27-22,49373.39
UTTAR PRADESH,06-28-22,57817.11
UTTAR PRADESH,06-29-22,33692.0
UTTARAKHAND,03-31-22,1138.0
UTTARAKHAND,04-01-22,13199.0
UTTARAKHAND,04-02-22,9545.29
UTTARAKHAND,04-03-22,11114.0
UTTARAKHAND,04-04-22,12366.0
UTTARAKHAND,04-05-22,15075.0
UTTARAKHAND,04-06-22,15903.0
UTTARAKHAND,04-07-22,13506.48
UTTARAKHAND,04-08-22,10412.1
UTTARAKHAND,04-09-22,10216.0
UTTARAKHAND,04-10-22,16787.0
UTTARAKHAND,04-11-22,13191.7
UTTARAKHAND,04-12-22,18038.0
UTTARAKHAND,04-13-22,20320.96
UTTARAKHAND,04-14-22,15574.43
UTTARAKHAND,04-15-22,11751.57
UTTARAKHAND,04-16-22,14997.86
UTTARAKHAND,04-17-22,12091.0
UTTARAKHAND,04-18-22,17577.36
UTTARAKHAND,04-19-22,12302.95
UTTARAKHAND,04-20-22,12666.57
UTTARAKHAND,04-21-22,7731.1
UTTARAKHAND,04-22-22,16062.95
UTTARAKHAND,04-23-22,16172.54
UTTARAKHAND,04-24-22,17496.19
UTTARAKHAND,04-25-22,13852.0
UTTARAKHAND,04-26-22,10954.039999999999
UTTARAKHAND,04-27-22,7831.0
UTTARAKHAND,04-28-22,13092.0
UTTARAKHAND,04-29-22,11671.0
UTTARAKHAND,04-30-22,13403.36
UTTARAKHAND,05-01-22,13511.0
UTTARAKHAND,05-02-22,17667.0
UTTARAKHAND,05-03-22,16710.0
UTTARAKHAND,05-04-22,14136.0
UTTARAKHAND,05-05-22,7839.0
UTTARAKHAND,05-06-22,13915.81
UTTARAKHAND,05-07-22,16484.0
UTTARAKHAND,05-08-22,8017.82
UTTARAKHAND,05-09-22,8902.05
UTTARAKHAND,05-10-22,7036.33
UTTARAKHAND,05-11-22,16981.57
UTTARAKHAND,05-12-22,6128.0
UTTARAKHAND,05-13-22,6874.48
UTTARAKHAND,05-14-22,9179.77
UTTARAKHAND,05-15-22,12710.71
UTTARAKHAND,05-16-22,10296.57
UTTARAKHAND,05-17-22,10753.43
UTTARAKHAND,05-18-22,12376.48
UTTARAKHAND,05-19-22,12863.86
UTTARAKHAND,05-20-22,10515.0
UTTARAKHAND,05-21-22,4001.5699999999997
UTTARAKHAND,05-22-22,10070.82
UTTARAKHAND,05-23-22,7847.86
UTTARAKHAND,05-24-22,8682.0
UTTARAKHAND,05-25-22,5341.0
UTTARAKHAND,05-26-22,6033.0
UTTARAKHAND,05-27-22,6545.8099999999995
UTTARAKHAND,05-28-22,8811.0
UTTARAKHAND,05-29-22,8234.43
UTTARAKHAND,05-30-22,9836.0
UTTARAKHAND,05-31-22,14411.0
UTTARAKHAND,06-01-22,6600.0
UTTARAKHAND,06-02-22,9952.0
UTTARAKHAND,06-03-22,10290.66
UTTARAKHAND,06-04-22,3738.0
UTTARAKHAND,06-05-22,7662.0
UTTARAKHAND,06-06-22,9684.0
UTTARAKHAND,06-07-22,8904.0
UTTARAKHAND,06-08-22,13969.1
UTTARAKHAND,06-09-22,12313.76
UTTARAKHAND,06-10-22,9196.0
UTTARAKHAND,06-11-22,8010.0
UTTARAKHAND,06-12-22,4614.0
UTTARAKHAND,06-13-22,13060.71
UTTARAKHAND,06-14-22,8629.0
UTTARAKHAND,06-15-22,8945.0
UTTARAKHAND,06-16-22,9878.0
UTTARAKHAND,06-17-22,12667.0
UTTARAKHAND,06-18-22,6991.0
UTTARAKHAND,06-19-22,6319.0
UTTARAKHAND,06-20-22,7320.0
UTTARAKHAND,06-21-22,14656.83
UTTARAKHAND,06-22-22,3990.0
UTTARAKHAND,06-23-22,13144.67
UTTARAKHAND,06-24-22,5205.0
UTTARAKHAND,06-25-22,4577.0
UTTARAKHAND,06-26-22,6819.0
UTTARAKHAND,06-27-22,7800.0
UTTARAKHAND,06-28-22,5381.0
UTTARAKHAND,06-29-22,5073.0
WEST BENGAL,03-31-22,8973.0
WEST BENGAL,04-01-22,51513.85
WEST BENGAL,04-02-22,45096.53
WEST BENGAL,04-03-22,42481.43
WEST BENGAL,04-04-22,46536.39
WEST BENGAL,04-05-22,57133.1
WEST BENGAL,04-06-22,51934.79
WEST BENGAL,04-07-22,51427.24
WEST BENGAL,04-08-22,61786.57
WEST BENGAL,04-09-22,54438.62
WEST BENGAL,04-10-22,62932.52
WEST BENGAL,04-11-22,64396.82
WEST BENGAL,04-12-22,45586.38
WEST BENGAL,04-13-22,62287.07
WEST BENGAL,04-14-22,54292.81
WEST BENGAL,04-15-22,37258.04
WEST BENGAL,04-16-22,44414.43
WEST BENGAL,04-17-22,42019.1
WEST BENGAL,04-18-22,41601.05
WEST BENGAL,04-19-22,43892.99
WEST BENGAL,04-20-22,52360.33
WEST BENGAL,04-21-22,39345.75
WEST BENGAL,04-22-22,29652.64
WEST BENGAL,04-23-22,46681.0
WEST BENGAL,04-24-22,64529.68
WEST BENGAL,04-25-22,45199.81
WEST BENGAL,04-26-22,44354.91
WEST BENGAL,04-27-22,36358.76
WEST BENGAL,04-28-22,42710.0
WEST BENGAL,04-29-22,43128.79
WEST BENGAL,04-30-22,55715.49
WEST BENGAL,05-01-22,54416.19
WEST BENGAL,05-02-22,52350.43
WEST BENGAL,05-03-22,50831.19
WEST BENGAL,05-04-22,55048.11
WEST BENGAL,05-05-22,30456.34
WEST BENGAL,05-06-22,34413.48
WEST BENGAL,05-07-22,43193.55
WEST BENGAL,05-08-22,44797.17
WEST BENGAL,05-09-22,36269.43
WEST BENGAL,05-10-22,34980.67
WEST BENGAL,05-11-22,31162.0
WEST BENGAL,05-12-22,21267.93
WEST BENGAL,05-13-22,27343.05
WEST BENGAL,05-14-22,32109.71
WEST BENGAL,05-15-22,30268.36
WEST BENGAL,05-16-22,23718.95
WEST BENGAL,05-17-22,24049.34
WEST BENGAL,05-18-22,27167.96
WEST BENGAL,05-19-22,33249.14
WEST BENGAL,05-20-22,31853.29
WEST BENGAL,05-21-22,25536.76
WEST BENGAL,05-22-22,28812.76
WEST BENGAL,05-23-22,36242.0
WEST BENGAL,05-24-22,32236.48
WEST BENGAL,05-25-22,48475.72
WEST BENGAL,05-26-22,25157.91
WEST BENGAL,05-27-22,37581.12
WEST BENGAL,05-28-22,43760.67
WEST BENGAL,05-29-22,28355.91
WEST BENGAL,05-30-22,36909.02
WEST BENGAL,05-31-22,29646.81
WEST BENGAL,06-01-22,23849.62
WEST BENGAL,06-02-22,34688.0
WEST BENGAL,06-03-22,34561.81
WEST BENGAL,06-04-22,22310.0
WEST BENGAL,06-05-22,37666.67
WEST BENGAL,06-06-22,29921.0
WEST BENGAL,06-07-22,30726.57
WEST BENGAL,06-08-22,40263.0
WEST BENGAL,06-09-22,43173.71
WEST BENGAL,06-10-22,32034.88
WEST BENGAL,06-11-22,33371.62
WEST BENGAL,06-12-22,40331.61
WEST BENGAL,06-13-22,30808.05
WEST BENGAL,06-14-22,42233.05
WEST BENGAL,06-15-22,42901.76
WEST BENGAL,06-16-22,31850.19
WEST BENGAL,06-17-22,38278.57
WEST BENGAL,06-18-22,29501.33
WEST BENGAL,06-19-22,39835.57
WEST BENGAL,06-20-22,28021.0
WEST BENGAL,06-21-22,38024.85
WEST BENGAL,06-22-22,26967.0
WEST BENGAL,06-23-22,33439.38
WEST BENGAL,06-24-22,21823.0
WEST BENGAL,06-25-22,28892.19
WEST BENGAL,06-26-22,24773.25
WEST BENGAL,06-27-22,36388.57
WEST BENGAL,06-28-22,28965.95
WEST BENGAL,06-29-22,20576.9
bihar,05-06-22,1432.0
delhi,04-02-22,1641.0
delhi,04-03-22,1682.0
delhi,04-08-22,792.0
delhi,04-10-22,647.62
delhi,04-11-22,399.0
delhi,04-12-22,388.0
delhi,04-18-22,549.0
delhi,04-20-22,459.0
delhi,05-26-22,709.0
delhi,05-27-22,2085.0
delhi,06-01-22,1099.0
delhi,06-13-22,1122.0
delhi,06-21-22,3079.0
delhi,06-26-22,1074.0
delhi,06-27-22,828.0
goa,04-07-22,741.0
goa,05-02-22,626.0
goa,05-22-22,799.0
goa,05-27-22,301.0
orissa,04-13-22,597.0
punjab,04-02-22,472.0
punjab,04-14-22,534.0
punjab,04-16-22,599.0
punjab,04-21-22,2868.0
punjab,04-27-22,1198.0
punjab,05-02-22,1207.0
punjab,05-07-22,786.0
punjab,06-18-22,958.0
rajasthan,04-15-22,563.0
rajasthan,04-21-22,1744.0
rajasthan,04-24-22,754.0
rajasthan,04-29-22,885.0
rajsthan,06-22-22,521.0
